<?xml version="1.0" encoding="utf-8"?>
<toc>
   <meta>Dit is de inhoudsopgave van Generale Missiven, Deel XI: 1743-1750, GS 232</meta>
	
 <item level="0">
	<title>Inleiding</title> <page>VII</page>
	</item>	

<item level="0">
	<title>Lijst van Generale Missiven 1743-1750</title> <page>IX</page>
	</item>	

<item level="0">
	<title>Titels (met afkorting) van geraadpleegde werken</title> <page>XII</page>
	</item>	

 <item level="0">
	<title>Generale Missiven Gustaaf Willem baron van Imhoff 1743-1750</title> <page>1</page>
	</item>	
	
 <item level="0">
	<title>Toelichting bij de indices</title> <page>874</page>
	</item>	

<item level="0">
	<title>Index van persoonsnamen</title> <page>875</page>
	</item>	

<item level="0">
	<title>Index van geografische namen</title> <page>892</page>
	</item>	

 <item level="0">
	<title>Index van scheepsnamen</title> <page>910</page>
	</item>	
	
 <item level="0">
	<title>Index van overige termen</title> <page>917</page>
	</item>	
		
</toc>