<?xml version="1.0" encoding="utf8"?>
<toc>
   <meta>Dit is de inhoudsopgave van Generale Missiven Deel 11, GS 232 </meta>
<toc_title>Lijst van Generale Missiven 1743-1750 (bij deel XI, GS 232)</toc_title>

<item level="0"><title>GUSTAAF WILLEM BARON VAN IMHOFF, 3 juli 1743-29 september 1750</title></item> 
   
    <item level="1"><n>I</n> <title>Van Imhoff, Pasques de Chavonnes, Crul, Nolthenius, Van Aerden, Lakeman en Cluysenaar, 3 juli 1743</title> <page>1</page></item>
    <item level="1"><n>II</n> <title>Van Imhoff, Pasques de Chavonnes, Crul, Nolthenius, Van Aerden, Lakeman en Cluysenaar, 15 oktober 1743</title> <page>8</page></item>
    <item level="1"><n>III</n> <title>Van Imhoff, Pasques de Chavonnes, Crul, Nolthenius, Van Aerden, Lakeman en Cluysenaar, 5 november 1743</title> <page>23</page></item>
	<item level="1"><n>IV</n> <title>Van Imhoff, Pasques de Chavonnes, Crul, Nolthenius, Van Aerden en Lakeman, 5 november 1743, geheim</title> <page>25</page></item>
    <item level="1"><n>V</n> <title>Van Imhoff, Pasques de Chavonnes, Crul, Nolthenius, Van Aerden, Lakeman en Cluysenaar, 31 december 1743</title> <page>27</page></item>
    <item level="1"><n>VI</n> <title>Van Imhoff, Pasques de Chavonnes, Crul, Nolthenius, Van Aerden, Lakeman, Cluysenaar, Overbeek, Van den Bosch, Sichterman, Schuylenburg en Mossel, 8 oktober 1744</title> <page>115</page></item>
	<item level="1"><n>VII</n> <title>Van Imhoff, Pasques de Chavonnes, Crul, Nolthenius, Van Aerden, Lakeman, Cluysenaar, Overbeek, Van den Bosch, Sichterman, Schuylenburg en Mossel,26 oktober 1744</title> <page>116</page></item>
    <item level="1"><n>VIII</n> <title>Van Imhoff, Pasques de Chavonnes, Crul, Nolthenius, Van Aerden, Lakeman, Cluysenaar, Overbeek, Van den Bosch, Schuylenburg en Mossel, 3 november 1744</title> <page>130</page></item>
    <item level="1"><n>IX</n> <title>Van Imhoff, Pasques de Chavonnes, Crul, Nolthenius, Van Aerden, Lakeman, Cluysenaar, Overbeek, Van den Bosch, Schuylenburg en Mossel, 31 december 1744</title> <page>131</page></item>
	<item level="1"><n>X</n> <title>Van Imhoff, Pasques de Chavonnes, Crul, Nolthenius, Van Aerden, Lakeman, Cluysenaar, Overbeek, Schuylenburg en Mossel, 10 maart 1745</title> <page>207</page></item>
    <item level="1"><n>XI</n> <title>Van Imhoff, Pasques de Chavonnes, Crul, Nolthenius, Van Aerden, Cluysenaar, Overbeek, Van den Bosch, Schuylenburg en Mossel, 20 oktober 1745</title> <page>217</page></item>
    <item level="1"><n>XI</n> <title>Van Imhoff, Pasques de Chavonnes, Crul, Nolthenius, Van Aerden, Cluysenaar, Overbeek, Van den Bosch, Schuylenburg, Mossel en Van Broyel, 12 november 1745</title> <page>224</page></item>
	<item level="1"><n>XIII</n> <title>Van Imhoff [niet getekend wegens ziekte], Pasques de Chavonnes, Crul, Nolthenius, Van Aerden, Cluysenaar, Overbeek, Van den Bosch, Schuylenburg, Mossel en Van Broyel, 31 december 1745</title> <page>226</page></item>
    <item level="1"><n>XIV</n> <title>Van Imhoff, Pasques de Chavonnes, Crul, Nolthenius, Van Aerden, Cluysenaar, Overbeek, Van den Bosch, Schuylenburg, Mossel en Van Broyel, 28 januari 1746</title> <page>329</page></item>
    <item level="1"><n>XV</n> <title>Van Imhoff, Crul, Nolthenius, Van Aerden, Cluysenaar, Overbeek, Van den Bosch, Schuylenburg, Mossel en Van Broyel, 15 maart 1746</title> <page>330</page></item>
	<item level="1"><n>XVI</n> <title>Van Imhoff, Crul, Nolthenius, Van Aerden, Overbeek, Van den Bosch, Schuylenburg, Mossel en Van Broyel,15 maart 1746, geheim</title> <page>349</page></item>
    <item level="1"><n>XVII</n> <title>Van Imhoff, Pasques de Chavonnes, Crul, Nolthenius, Van Aerden, Cluysenaar, Overbeek, Van den Bosch, Mossel, Van Broyel, Verijssel en Theling, 12 oktober 1746</title> <page>350</page></item>
    </toc>
   