<?xml version="1.0" encoding="utf-8"?>
<toc>
   <meta>Dit is de inhoudsopgave van Generale Missiven, Deel X: 1737-1743, GS 250</meta>
	
 <item level="0">
	<title>Inleiding</title> <page>VII</page>
	</item>	

<item level="0">
	<title>Lijst van Generale Missiven 1737-1743</title> <page>IX</page>
	</item>	

<item level="0">
	<title>Titels (met afkorting) van aangehaalde werken</title> <page>XI</page>
	</item>	

 <item level="0">
	<title>Generale Missiven Adriaan Valckenier 1737-1741</title> <page>1</page>
	</item>	
	
 <item level="0">
	<title>Generale Missiven Johannes Thedens 1741-1743</title> <page>749</page>
	</item>	
	
 <item level="0">
	<title>Toelichting bij de indices</title> <page>1091</page>
	</item>	

<item level="0">
	<title>Index van persoonsnamen</title> <page>1092</page>
	</item>	

<item level="0">
	<title>Index van geografische namen</title> <page>1117</page>
	</item>	

 <item level="0">
	<title>Index van scheepsnamen</title> <page>1137</page>
	</item>	
	
 <item level="0">
	<title>Index van overige termen</title> <page>1143</page>
	</item>	
		
</toc>