<?xml version="1.0" encoding="UTF-8"?><toc><!--Dit is een gecombineerde TOC-file, hij is samensteld op basis van de volgende bestanden: toc-1.xml, toc-2.xml-->
   <meta>Dit is de inhoudsopgave van Generale Missiven, Deel X: 1737-1743, GS 250</meta>
	
 <item level="0">
	<title>Inleiding</title> <page>VII</page>
	</item>	

<item level="0">
	<title>Lijst van Generale Missiven 1737-1743</title> <page>IX</page>
	</item>	

<item level="0">
	<title>Titels (met afkorting) van aangehaalde werken</title> <page>XI</page>
	</item>	

 <item level="0">
	<title>Generale Missiven Adriaan Valckenier 1737-1741</title> <page>1</page>
	</item>	
	
 <item level="0">
	<title>Generale Missiven Johannes Thedens 1741-1743</title> <page>749</page>
	</item>	
	
 <item level="0">
	<title>Toelichting bij de indices</title> <page>1091</page>
	</item>	

<item level="0">
	<title>Index van persoonsnamen</title> <page>1092</page>
	</item>	

<item level="0">
	<title>Index van geografische namen</title> <page>1117</page>
	</item>	

 <item level="0">
	<title>Index van scheepsnamen</title> <page>1137</page>
	</item>	
	
 <item level="0">
	<title>Index van overige termen</title> <page>1143</page>
	</item>	
		

   <meta>Dit is de inhoudsopgave van Generale Missiven Deel 10, GS 250 </meta>
<toc_title>Lijst van Generale Missiven 1737-1743 (bij deel X, GS 250 )</toc_title>

	<item level="0"><title>ADRIAAN VALCKENIER, 28 november 1737-6 november 1741</title></item> 
   
    <item level="1"><n>I</n> <title>Valckenier, Schaghen, Thedens, De Haeze, Van Schinne, Van Suchtelen, Pasques de Chavonnes, Duquesne, Wouters en Sautijn, 28 november 1737</title> <page>1</page></item>
    <item level="1"><n>II</n> <title>Valckenier, Schaghen, Thedens, De Haeze, Van Schinne, Van Suchtelen, Pasques de Chavonnes, Duquesne, Wouters en Sautijn, 25 januari 1738</title> <page>49</page></item>
    <item level="1"><n>IIa.</n> <title>Valckenier, Schaghen, Thedens, De Haeze, Van Schinne, Van Suchtelen, Pasques de Chavonnes, Duquesne, Wouters en Sautijn, 25 januari 1738, geheim</title> <page>81</page></item>
	<item level="1"><n>III</n> <title>Valckenier, Schaghen, Thedens, De Haeze, Van Schinne, Van Suchtelen, Pasques de Chavonnes, Duquesne en Wouters, 31 maart 1738</title> <page>87</page></item>
    <item level="1"><n>IV</n> <title>Valckenier, Schaghen, Thedens, De Haeze, Van Schinne, Van Suchtelen, Pasques de Chavonnes, Duquesne, Wouters en Guillot, 10 november 1738</title> <page>112</page></item>
    <item level="1"><n>V</n> <title>Valckenier, Schaghen, Thedens, De Haeze, Van Schinne, Van Suchtelen, Pasques de Chavonnes, Duquesne en Guillot, 31 januari 1739</title> <page>175</page></item>
	<item level="1"><n>VI</n> <title>Valckenier, Schaghen, Thedens, De Haeze, Van Schinne, Van Suchtelen, Pasques de Chavonnes, Duquesne en Guillot, 5 april 1739</title> <page>255</page></item>
    <item level="1"><n>VII</n> <title>Valckenier, Schaghen, Thedens, De Haeze, Van Schinne, Van Suchtelen, Pasques de Chavonnes, Duquesne, Guillot, Van Berendregt, Crul, Macaré en Nolthenius, 12 december 1739. Kopie</title> <page>297</page></item>
    <item level="1"><n>VIIa.</n> <title>Valckenier, Schaghen, Thedens, De Haeze, Van Schinne, Van Suchtelen, Pasques de Chavonnes, Duquesne, Guillot, Van Berendregt, Crul, Macaré en Nolthenius, 12 december 1739. Kopie. Geheim</title> <page>399</page></item>
	<item level="1"><n>VIII</n> <title>Valckenier, Schaghen, Thedens, De Haeze, Van Schinne, Van Suchtelen, Pasques de Chavonnes, Duquesne, Guillot, Crul, Macaré en Nolthenius,12 januari 1740</title> <page>413</page></item>
    <item level="1"><n>IX</n> <title>Valckenier, Schaghen, Thedens, De Haeze, Van Schinne, Van Suchtelen, Pasques de Chavonnes, Duquesne, Guillot, Crul, Macaré, Nolthenius en Van Berendregt, 31 maart 1740</title> <page>461</page></item>
    <item level="1"><n>X</n> <title>Valckenier, Schaghen, Thedens, Van Imhoff, De Haeze, Van Schinne, Van Suchtelen, Pasques de Chavonnes, Duquesne, Guillot, Van Berendregt, Crul, Macaré, Nolthenius, Van Aerden en Lakeman, 31 oktober 1740</title> <page>494</page></item>
	<item level="1"><n>XI</n> <title>Valckenier, Schaghen, Thedens, Van Imhoff, De Haeze, Van Schinne, Van Suchtelen, Pasques de Chavonnes, Duquesne, Guillot, Van Berendregt, Crul, Macaré, Nolthenius en Van Aerden, 1 december 1740</title> <page>495</page></item>
    <item level="1"><n>XII</n> <title>Valckenier, Schaghen, Thedens, Van Suchtelen, Pasques de Chavonnes, Duquesne, Guillot, Van Berendregt, Crul, Macaré, Nolthenius en Van Aerden, 10 januari 1741</title> <page>496</page></item>
    <item level="1"><n>XIII</n> <title>Valckenier, Schaghen, Thedens, Van Suchtelen, Pasques de Chavonnes, Duquesne, Guillot, Van Berendregt, Crul, Macaré, Nolthenius en Van Aerden, 25 maart 1741</title> <page>598</page></item>
	<item level="1"><n>XIV</n> <title>Valckenier, Schaghen, Thedens, Van Suchtelen, Duquesne, Guillot, Van Berendregt, Crul, Macaré, Nolthenius en Van Aerden, 6 november 1741</title> <page>633</page></item>
	
    <item level="0"><n/> <title>JOHANNES THEDENS, 6 december 1741-15 april 1743</title></item>
    <item level="1"><n>I</n> <title>Thedens, Schaghen, Van Suchtelen, Pasques de Chavonnes, Duquesne, Guillot, Van Berendregt, Crul, Macaré, Nolthenius en Van Aerden, 6 december 1741</title> <page>749</page></item>
	</toc>