<?xml version="1.0" encoding="iso-8859-1"?>
<toc>
   <meta>Dit is de inhoudsopgave van Generale Missiven Deel IV 1675-1685, GS 134 </meta>

<item level="0"><title>Inleiding</title> <page>VII</page></item>
<item level="0"><title>Lijst van Generale Missiven 1675-1685</title> <page>XI</page></item>
<item level="0"><title>Aanvullende Lijst van Afkortingen der Titels van Aangehaalde Werken</title> <page>XIII</page></item>
<item level="0"><title>Generale Missiven 1675-1685</title> <page>1</page></item>
<item level="0"><title>Indices</title> <page>839</page></item>
<item level="0"><title>Toelichting bij de Indices</title> <page>840</page></item>
<item level="0"><title>Index van Persoonsnamen</title> <page>841</page></item>
<item level="0"><title>Index van Geografische Namen</title> <page>854</page></item>
<item level="0"><title>Index van Scheepsnamen</title> <page>874</page></item>
<item level="0"><title>Index van Andere Termen</title> <page>878</page></item>
</toc>