<?xml version="1.0" encoding="UTF-8"?><toc><!--Dit is een gecombineerde TOC-file, hij is samensteld op basis van de volgende bestanden: toc-1.xml, toc-2.xml-->
   <meta>Dit is de inhoudsopgave van Generale Missiven Deel IV 1675-1685, GS 134 </meta>

<item level="0"><title>Inleiding</title> <page>VII</page></item>
<item level="0"><title>Lijst van Generale Missiven 1675-1685</title> <page>XI</page></item>
<item level="0"><title>Aanvullende Lijst van Afkortingen der Titels van Aangehaalde Werken</title> <page>XIII</page></item>
<item level="0"><title>Generale Missiven 1675-1685</title> <page>1</page></item>
<item level="0"><title>Indices</title> <page>839</page></item>
<item level="0"><title>Toelichting bij de Indices</title> <page>840</page></item>
<item level="0"><title>Index van Persoonsnamen</title> <page>841</page></item>
<item level="0"><title>Index van Geografische Namen</title> <page>854</page></item>
<item level="0"><title>Index van Scheepsnamen</title> <page>874</page></item>
<item level="0"><title>Index van Andere Termen</title> <page>878</page></item>

   <meta>Dit is de inhoudsopgave van Generale Missiven Deel IV 1675-1685, GS 134 </meta>
<toc_title>Lijst van Generale Missiven 1675-1685 (bij deel IV, GS 134)</toc_title>

<item level="0"><title>Mr. JOAN MAETSUYKER, 18 mei 1653-4 januari 1678</title></item> 
    <item level="1"><n>LXXII</n> <title>Maetsuyker, Verburch, Pit, Overtwater, Speelman, Van Hoorn en Abbema, 31 jan. 1675</title> <page>1</page></item>
    <item level="1"><n>LXXIII</n> <title>Maetsuyker, Verburch, Pit, Overtwater, Speelman, Van Hoorn en Abbema, 28 febr. 1675</title> <page>21</page></item>
    <item level="1"><n>LXXIV</n> <title>Maetsuyker, Verburch, Van Goens, Pit, Overtwater, Speelman, Ranst, Van Hoorn en Abbema, 29 aug. 1675</title> <page>38</page></item>
    <item level="1"><n>LXXV</n> <title>Maetsuyker, Verburch, Van Goens, Pit, Overtwater, Speelman, Ranst, Van Hoorn en Abbema, 25 sept. 1675</title> <page>42</page></item>
    <item level="1"><n>LXXVI</n> <title>Maetsuyker, Verburch, Van Goens, Pit, Overtwater, Speelman, Ranst, Van Hoorn en Abbema, 23 nov. 1675</title> <page>43</page></item>
    <item level="1"><n>LXXVII</n> <title>Maetsuyker, Van Goens, Pit, Overtwater, Speelman, Ranst, Van Hoorn en Abbema, 7 febr. 1676</title> <page>83</page></item>
    <item level="1"><n>LXXVIII</n> <title>Maetsuyker, Van Goens, Pit, Overtwater, Speelman, Ranst, Van Hoorn en Abbema, 15 febr. 1676</title> <page>100</page></item>
    <item level="1"><n>LXXIX</n> <title>Maetsuyker, Van Goens, Pit, Overtwater, Speelman, Ranst en Van Hoorn, 30 sept. 1676</title> <page>101</page></item>
    <item level="1"><n>LXXX</n> <title>Maetsuyker, Van Goens, Pit, Overtwater, Speelman, Ranst, Van Hoorn en Paviljoen, 28 nov. 1676</title> <page>125</page></item>
    <item level="1"><n>LXXXI</n> <title>Maetsuyker, Van Goens, Pit, Overtwater, Ranst, Van Hoorn en Paviljoen, 13 febr. 1677</title> <page>156</page></item>
    <item level="1"><n>LXXXII</n> <title>Maetsuyker, Van Goens, Pit, Overtwater, Ranst, Van Hoorn, Paviljoen, Volger en Van Reede, 5 juli 1677</title> <page>171</page></item>
    <item level="1"><n>LXXXIII</n> <title>Maetsuyker, Van Goens, Pit, Overtwater, Ranst, Van Hoorn, Paviljoen en Van Reede, 24 nov. 1677</title> <page>183</page></item>

<item level="0"><title>RIJCKLOFF VAN GOENS, 4 januari 1678-25 november 1681</title></item> 	
	<item level="1"><n>I</n> <title>Van Goens, Pit, Overtwater, Van Hoorn en Paviljoen, 16 jan. 1678</title> <page>217</page></item>
    <item level="1"><n>II</n> <title>Van Goens, Pit, Overtwater, Van Hoorn en Paviljoen, 15 febr. 1678</title> <page>218</page></item>
    <item level="1"><n>III</n> <title>Van Goens, Speelman, Van Outhoorn, Camphuys, Pits en Nobel, 8 mei 1678</title> <page>238</page></item>
    <item level="1"><n>IV</n> <title>Van Goens, Speelman, Van Outhoorn, Camphuys en Pits, 3 aug. 1678</title> <page>239</page></item>
    <item level="1"><n>V</n> <title>Van Goens, Speelman, Bort, Van Outhoorn en Camphuys, 26 nov. 1678</title> <page>241</page></item>
    <item level="1"><n>VI</n> <title>Van Goens, Speelman, Bort, Van Outhoorn en Camphuys, 21 dec. 1678</title> <page>242</page></item>
    <item level="1"><n>VII</n> <title>Van Goens, Speelman, Bort, Van Outhoorn en Camphuys, 13 febr. 1679</title> <page>262</page></item>
    <item level="1"><n>VIII</n> <title>Van Goens, Speelman, Bort, Van Outhoorn en Camphuys, 23 febr. 1679</title> <page>309</page></item>
    <item level="1"><n>IX</n> <title>Van Goens, Speelman, Bort, Hurdt, Blom, Van Outhoorn en Camphuys, 1 aug. 1679</title> <page>311</page></item>
    <item level="1"><n>X</n> <title>Van Goens, Speelman, Bort, Hurdt, Blom, Van Outhoorn en Camphuys, 10 oct. 1679</title> <page>312</page></item>
    <item level="1"><n>XI</n> <title>Van Goens, Speelman, Bort, Hurdt, Blom, Van Outhoorn en Camphuys, 11 dec. 1679</title> <page>318</page></item>
    <item level="1"><n>XII</n> <title>Van Goens, Speelman, Bort, Hurdt, Blom en Camphuys, 14 dec. 1679</title> <page>372</page></item>
    <item level="1"><n>XIII</n> <title>Van Goens, Speelman, Bort, Hurdt, Blom, Van Outhoorn en Camphuys, 13 maart 1680</title> <page>373</page></item>
    <item level="1"><n>XIV</n> <title>Van Goens, Speelman, Bort, Hurdt, Blom, Van Outhoorn, Camphuys en Bent, 13 oct. 1680</title> <page>405</page></item>
    <item level="1"><n>XV</n> <title>Van Goens, Speelman, Bort, Hurdt, Van Outhoorn, Camphuys en Bent, 29 nov. 1680</title> <page>416</page></item>
    <item level="1"><n>XVI</n> <title>Van Goens, Speelman, Bort, Hurdt, Van Outhoorn, Camphuys en Bent, 31 dec. 1680</title> <page>423</page></item>
    <item level="1"><n>XVII</n> <title>Van Goens, Speelman, Bort, Hurdt, Van Outhoorn, Camphuys en Bent, 13 febr. 1681</title> <page>426</page></item>
    <item level="1"><n>XVIII</n> <title>Van Goens, Speelman, Bort, Hurdt, Van Outhoorn, Camphuys en Bent, 29 april 1681</title> <page>429</page></item>
    <item level="1"><n>XIX</n> <title>Van Goens, Speelman, Bort, Hurdt, Van Outhoorn, Camphuys en Bent, 25 juli 1681</title> <page>477</page></item>
    <item level="1"><n>XX</n> <title>Van Goens, Speelman, Bort, Hurdt, Van Outhoorn en Bent, 30 aug. 1681</title> <page>480</page></item>
    <item level="1"><n>XXI</n> <title>Van Goens, Speelman, Bort, Hurdt, Van Outhoorn, Camphuys en Bent, 4 nov. 1681</title> <page>481</page></item>

<item level="0"><title>CORNELIS SPEELMAN, 25 november 1681-11 januari 1684</title></item>
	<item level="1"><n>I</n> <title>Speelman, Bort, Hurdt, Van Outhoorn, Camphuys en Bent, 29 nov. 1681</title> <page>485</page></item>
    <item level="1"><n>II</n> <title>Speelman, Bort, Hurdt, Van Outhoorn, Camphuys en Bent, 28 dec. 1681</title> <page>487</page></item>
    <item level="1"><n>III</n> <title>Speelman, Bort, Hurdt, Van Outhoorn, Camphuys en Bent, 31 dec. 1681</title> <page>491</page></item>
    <item level="1"><n>IV</n> <title>Speelman, Bort, Hurdt, Van Outhoorn, Camphuys en Bent, 8 jan. 1682</title> <page>492</page></item>
    <item level="1"><n>V</n> <title>Speelman, Bort, Hurdt, Van Outhoorn, Camphuys en Van Hoorn, 5 oct. 1682</title> <page>493</page></item>
    <item level="1"><n>VI</n> <title>Gouverneur-Generaal en raden, 12 nov. 1682</title> <page>495</page></item>
    <item level="1"><n>VII</n> <title>Speelman, Bort, Hurdt, Van Outhoorn, Camphuys, Schaghen en Van Hoorn, 1 en 9 maart 1683</title> <page>496</page></item>
    <item level="1"><n>VIII</n> <title>Speelman, Bort, Hurdt, Van Outhoorn, Camphuys, Schaghen en Van Hoorn, 19 maart 1683</title> <page>498</page></item>
    <item level="1"><n>VIIIA</n> <title>Hurdt, Camphuys, Pit, Schaghen en Van Hoorn, 24 dec. 1683</title> <page>598</page></item>
    <item level="1"><n>IX</n> <title>Speelman, Bort, Hurdt, Van Outhoorn, Camphuys, Pit, Schaghen en Van Hoorn, 31 dec. 1683</title> <page>600</page></item>
    <item level="1"><n>IXA</n> <title>Hurdt, Camphuys, Pit, Schaghen en Van Hoorn, 3 jan. 1684</title> <page>647</page></item>
	
<item level="0"><title>JOANNES CAMPHUYS, 11 januari 1684-24 september 1691</title></item>	
	<item level="1"><n>I</n> <title>Camphuys, Hurdt, Van Outhoorn, Pit, Schaghen en Van Hoorn, 19 febr. 1684</title> <page>651</page></item>
    <item level="1"><n>II</n> <title>Camphuys, Hurdt, Van Outhoorn, Pit, Schaghen en Van Hoorn, 19 febr. 1684</title> <page>679</page></item>
    <item level="1"><n>III</n> <title>Camphuys, Hurdt, Van Outhoorn, Pit, Schaghen en Van Hoorn, 31 mei 1684</title> <page>680</page></item>
    <item level="1"><n>IV</n> <title>Camphuys, Hurdt, Van Outhoorn, Pit en Van Hoorn, 30 nov. 1684</title> <page>707</page></item>
    <item level="1"><n>V</n> <title>Camphuys, Hurdt, Van Outhoorn, Pit, Van Quaelbergh en Van Hoorn, 12 febr. 1685</title> <page>753</page></item>
    <item level="1"><n>VI</n> <title>Camphuys, Hurdt, Van Outhoorn, Pit en Van Quaelbergh, 19 febr. 1685</title> <page>780</page></item>
    <item level="1"><n>VII</n> <title>Camphuys, Hurdt, Van Outhoorn, Pit, Van Quaelbergh en Van Hoorn, 18 maart 1685</title> <page>782</page></item>
    <item level="1"><n>VIII</n> <title>Camphuys, Hurdt, Van Outhoorn, Van Goens, Pit, Van Quaelbergh, Van Hoorn en De Saint-Martin, 11 dec. 1685</title> <page>791</page></item>
	
</toc>