<?xml version="1.0" encoding="iso-8859-1"?>
<toc>
   <meta>Dit is de inhoudsopgave van Generale Missiven Deel VI 1698-1713, GS 159 </meta>

<item level="0"><title>Inleiding</title> <page>VII</page></item>
<item level="0"><title>Lijst van Generale Missiven 1698-1713</title> <page>XI</page></item>
<item level="0"><title>Lijst van Afkortingen der Titels van Aangehaalde Werken</title> <page>XV</page></item>
<item level="0"><title>Generale Missiven 1698-1713</title> <page>1</page></item>
<item level="0"><title>Indices</title> <page>925</page></item>
<item level="0"><title>Toelichting bij de Indices</title> <page>926</page></item>
<item level="0"><title>Index van Persoonsnamen</title> <page>927</page></item>
<item level="0"><title>Index van Geografische Namen</title> <page>949</page></item>
<item level="0"><title>Index van Scheepsnamen</title> <page>972</page></item>
<item level="0"><title>Index van Andere Termen</title> <page>980</page></item>
</toc>