<?xml version="1.0" encoding="iso-8859-1"?>
<toc>
   <meta>Dit is de inhoudsopgave van Generale Missiven Deel VI 1698-1713, GS 159</meta>
<toc_title>Lijst van Generale Missiven 1698-1713 (bij deel VI, GS 159)</toc_title>

<item level="0"><title>Mr. WILLEM VAN OUTHOORN, 24 september 1691-15 augustus 1704</title></item> 
    <item level="1"><n>XVI</n> <title>Van Outhoorn, Van Hoorn, Pijl, De Haas, Van Riebeeck, Valckenier, Cops, Bornezee, Lycochthon en Van Rhee, 2 febr. 1698</title> <page>1</page></item>
    <item level="1"><n>XVII</n> <title>Van Outhoorn, Van Hoorn, Pijl, De Haas, Van Riebeeck, Valckenier, Cops, Bornezee, Lycochthon en Van Rhee, 21 febr. 1698</title> <page>11</page></item>
    <item level="1"><n>XVIII</n> <title>Van Outhoorn, Van Hoorn, Pijl, De Haas, Van Riebeeck, Valckenier, Cops, Bornezee, Lycochthon, Van Rhee en Van Dam, 6 dec. 1698</title> <page>17</page></item>
    <item level="1"><n>XIX</n> <title>Van Outhoorn, Van Hoorn, Pijl, De Haas, Van Riebeeck, Valckenier, Cops, Bornezee, Lycochthon, Van Rhee en Van Dam, 20 jan. 1699</title> <page>48</page></item>
    <item level="1"><n>XX</n> <title>Van Outhoorn, Van Hoorn, Pijl, De Haas, Van Riebeeck, Valckenier, Cops, Bornezee, Lycochthon, Van Rhee en Van Dam, 10 febr. 1699</title> <page>51</page></item>
    <item level="1"><n>XXI</n> <title>Van Outhoorn, Van Hoorn, Pijl, De Haas, Van Riebeeck, Valckenier, Cops, Bornezee, Lycochthon, Van Rhee en Van Dam, 2 maart 1699</title> <page>64</page></item>
    <item level="1"><n>XXII</n> <title>Van Outhoorn, Van Hoorn, Pijl, De Haas, Van Riebeeck, Valckenier, Cops, Bornezee, Lycochthon, Van Rhee en Van Dam, 20 april 1699</title> <page>65</page></item>
    <item level="1"><n>XXIII</n> <title>Van Outhoorn, Van Hoorn, Pijl, De Haas, Van Riebeeck, Valckenier, Cops, Bornezee, Lycochthon, Van Rhee en Van Dam, 23 nov. 1699</title> <page>66</page></item>
    <item level="1"><n>XXIV</n> <title>Van Outhoorn, Van Hoorn, Pijl, De Haas, Van Riebeeck, Cops, Bornezee, Pit, Van Rhee en Van Dam, 20 jan. 1700</title> <page>95</page></item>
    <item level="1"><n>XXV</n> <title>Van Outhoorn, Van Hoorn, Pijl, De Haas, Van Riebeeck, Cops, Bornezee, Pit, Van Rhee en Van Dam, 16 febr. 1700</title> <page>105</page></item>
    <item level="1"><n>XXVI</n> <title>Van Outhoorn, Van Hoorn, Pijl, De Haas, Van Riebeeck, Cops, Bornezee, Pit, Van Rhee en Van Dam, 19 febr. 1700</title> <page>113</page></item>
    <item level="1"><n>XXVII</n> <title>Van Outhoorn, Van Hoorn, Pijl, De Haas, Van Riebeeck, Cops, Bornezee, Van Rhee, Van Dam en Van Swoll, 26 oct. 1700</title> <page>114</page></item>
    <item level="1"><n>XXVIII</n> <title>Van Outhoorn, Van Hoorn, Pijl, De Haas, Van Riebeeck, Cops, Bornezee, Van Rhee, Van Dam en Van Swoll, 10 nov. 1700</title> <page>115</page></item>
    <item level="1"><n>XXIX</n> <title>Van Outhoorn, Van Hoorn, Pijl, De Haas, Van Riebeeck, Cops, Bornezee, Van Rhee, Van Dam en Van Swoll, 1 dec. 1700</title> <page>116</page></item>
    <item level="1"><n>XXX</n> <title>Van Outhoorn, Van Hoorn, Pijl, De Haas, Van Riebeeck, Cops, Bornezee, Van Rhee, Van Dam en Van Swoll, 22 dec. 1700</title> <page>143</page></item>
    <item level="1"><n>XXXI</n> <title>Van Outhoorn, Van Hoorn, Pijl, De Haas, Van Riebeeck, Cops, Bornezee, Van Rhee, Van Dam en Van Swoll, 28 jan. 1701</title> <page>144</page></item>
    <item level="1"><n>XXXII</n> <title>Van Outhoorn, Van Hoorn, Pijl, De Haas, Van Riebeeck, Cops, Bornezee, Van Rhee, Van Dam en Van Swoll, 17 febr. 1701</title> <page>150</page></item>
    <item level="1"><n>XXXIII</n> <title>Van Outhoorn, Van Hoorn, Pijl, Van Riebeeck, Cops, Bornezee, Van Dam en Van Swoll, 26 nov. 1701</title> <page>153</page></item>
    <item level="1"><n>XXXIV</n> <title>Van Outhoorn, Van Hoorn, Pijl, Van Riebeeck, Cops, Bornezee, Van Dam en Van Swoll, 31 dec. 1701</title> <page>161</page></item>
    <item level="1"><n>XXXV</n> <title>Van Outhoorn, Van Hoorn, Pijl, Van Riebeeck, Cops, Bornezee, Van Dam en Van Swoll, 31 jan. 1702</title> <page>177</page></item>
    <item level="1"><n>XXXVI</n> <title>Van Outhoorn, Van Hoorn, Pijl, Van Riebeeck, Cops, Bornezee, Van Dam en Van Swoll, 4 aug. 1702</title> <page>188</page></item>
    <item level="1"><n>XXXVII</n> <title>Van Outhoorn, Van Hoorn, Pijl, Van Riebeeck, Cops, Bornezee, Van Dam en Van Swoll, 30  nov. 1702</title> <page>189</page></item>
    <item level="1"><n>XXXVIII</n> <title>Van Outhoorn, Van Hoorn, Pijl, Van Riebeeck, Cops, Bornezee, Van Dam, Van Swoll en Douglas, 25 febr. 1703</title> <page>219</page></item>
    <item level="1"><n>XXXIX</n> <title>Van Outhoorn, Van Hoorn, Van Riebeeck, Pijl, Cops, Bornezee, Van Dam, Van Swoll, Douglas, Winkelman en Van Rijn, 4 sept. 1703</title> <page>231</page></item>
    <item level="1"><n>XL</n> <title>Van Outhoorn, Van Hoorn, Van Riebeeck, Pijl, Cops, Bornezee, Van Dam, Van Swoll, Douglas en Van Rijn, 1 dec. 1703</title> <page>236</page></item>
    <item level="1"><n>XLI</n> <title>Van Outhoorn, Van Hoorn, Van Riebeeck, Pijl, Cops, Bornezee, Van Dam, Van Swoll, De Wilde, Douglas, Van Rijn en Van der Stel, 1 febr. 1704</title> <page>267</page></item>
    <item level="1"><n>XLII</n> <title>Van Outhoorn, Van Hoorn, Van Riebeeck, Pijl, Bornezee, Van Swoll, De Wilde, Van Rijn en Van der Stel, 26 febr. 1704</title> <page>275</page></item>
    <item level="1"><n>XLIII</n> <title>Van Outhoorn, Van Hoorn, Van Riebeeck, Pijl, Cops, Bornezee, Van Swoll, De Wilde, Douglas, Van Rijn en Van der Stel, 14 maart 1704</title> <page>286</page></item>
	
<item level="0"><title>JOAN VAN HOORN, 15 augustus 1704-30 october 1709</title></item>   
	<item level="1"><n>I</n> <title>Van Hoorn, Van Riebeeck, Pijl, Cops, Bornezee, Van Swoll, De Wilde, Douglas, Van Rijn, Van der Stel, Zwaardecroon en De Haan, 29 aug. 1704</title> <page>289</page></item>
    <item level="1"><n>II</n> <title>Van Hoorn, Van Riebeeck, Pijl, Cops, Bornezee, Van Swoll, De Wilde, Douglas, Van Rijn, Van der Stel, Zwaardecroon en De Haan, 30 nov. 1704</title> <page>290</page></item>
    <item level="1"><n>III</n> <title>Van Hoorn, Van Riebeeck, Pijl, Cops, Bornezee, Van Swoll, De Wilde, Douglas, Van Rijn, Van der Stel, Zwaardecroon en De Haan, 18 dec. 1704</title> <page>327</page></item>
    <item level="1"><n>IV</n> <title>Van Hoorn, Van Riebeeck, Pijl, Cops, Bornezee, Van Swoll, De Wilde, Douglas, Van Rijn, Van der Stel, Zwaardecroon en De Haan, 31 jan. 1705</title> <page>329</page></item>
    <item level="1"><n>V</n> <title>Van Hoorn, Van Riebeeck, Pijl, Cops, Bornezee, Van Swoll, De Wilde, Douglas, Van Rijn, Van der Stel, Zwaardecroon en De Haan, 17 febr. 1705</title> <page>340</page></item>
    <item level="1"><n>VI</n> <title>Van Hoorn, Van Riebeeck, Pijl, Cops, Bornezee, Van Swoll, De Wilde, Douglas, Van Rijn, Van der Stel, Zwaardecroon en De Haan, 6 maart 1705</title> <page>342</page></item>
    <item level="1"><n>VII</n> <title>Van Hoorn, Van Riebeeck, Pijl, Cops, Bornezee, Van Swoll, De Wilde, Douglas, Van Rijn, Van der Stel, Zwaardecroon en De Haan, 10 mei 1705</title> <page>343</page></item>
    <item level="1"><n>VIII</n> <title>Van Hoorn, Van Riebeeck, Pijl, Van Swoll, Douglas, De Vos, Van Rijn, Van der Stel, Zwaardecroon, Chasteleyn, De Roo en De Haan, 24 aug. 1705</title> <page>345</page></item>
    <item level="1"><n>IX</n> <title>Van Hoorn, Van Riebeeck, Van Swoll, De Wilde, Douglas, Van Rijn, Van der Stel, Zwaardecroon, Chasteleyn en De Haan, 30 nov. 1705</title> <page>346</page></item>
    <item level="1"><n>IXa</n> <title>Van Hoorn, Van Riebeeck, Van Swoll, De Wilde, Douglas, Van Rijn, Van der Stel, Zwaardecroon, Chasteleyn en De Haan, 30 nov. 1705, geheim</title> <page>383</page></item>
    <item level="1"><n>X</n> <title>Van Hoorn, Van Riebeeck, Van Swoll, De Wilde, Douglas, De Vos, Comans, Phoonsen, Van Rijn, Zwaardecroon, Becker, Chasteleyn en De Haan, 25 jan. 1706</title> <page>390</page></item>
    <item level="1"><n>XI</n> <title>Van Hoorn, Van Riebeeck, Van Swoll, De Wilde, Douglas, De Vos, Comans, Phoonsen, Van Rijn, Zwaardecroon, Becker, Chasteleyn en De Haan, 25 jan. 1706</title> <page>401</page></item>
    <item level="1"><n>XII</n> <title>Van Hoorn, Van Riebeeck, Van Swoll, De Wilde, Douglas, De Vos, Comans, Phoonsen, Van Rijn, Zwaardecroon, Becker, Chasteleyn en De Haan, 12 febr. 1706</title> <page>407</page></item>
    <item level="1"><n>XIII</n> <title>Van Hoorn en raden, 31 maart 1706</title> <page>406</page></item>
    <item level="1"><n>XIV</n> <title>Van Hoorn, Van Riebeeck, Van Swoll, De Wilde, Douglas, De Vos, Comans, Phoonsen, Zwaardecroon, Chastelein en De Haan, 16 mei 1706</title> <page>413</page></item>
    <item level="1"><n>XV</n> <title>Van Hoorn, Van Riebeeck, Van Swoll, De Wilde, Douglas, De Vos, Phoonsen, Van Rijn, Zwaardecroon, Becker en Chastelein, 5 aug. 1706</title> <page>414</page></item>
    <item level="1"><n>XVI</n> <title>Van Hoorn, Van Riebeeck, Van Swoll, De Wilde, Douglas, De Vos, Phoonsen, Van Rijn, Zwaardecroon, Becker en Chastelein, 30 nov. 1706</title> <page>415</page></item>
    <item level="1"><n>XVII</n> <title>Van Hoorn, Van Riebeeck, Van Swoll, De Wilde, Douglas, De Vos, Phoonsen, Van Rijn, Zwaardecroon, Becker en Chastelein, 16 dec. 1706</title> <page>463</page></item>
    <item level="1"><n>XVIII</n> <title>Van Hoorn, Van Riebeeck, Van Swoll, De Wilde, Douglas, De Vos, Phoonsen, Van Rijn, Zwaardecroon, Becker en Chastelein, 15 jan. 1707</title> <page>464</page></item>
    <item level="1"><n>XIX</n> <title>Van Hoorn, Van Riebeeck, Van Swoll, De Wilde, Douglas, De Vos, Phoonsen, Van Rijn, Zwaardecroon, Becker en Chastelein, 15 febr. 1707</title> <page>466</page></item>
    <item level="1"><n>XX</n> <title>Van Hoorn, Van Riebeeck, Van Swoll, De Wilde, Douglas, De Vos, Van Rijn, Phoonsen, Zwaardecroon en Chastelein, 9 nov. 1707</title> <page>474</page></item>
    <item level="1"><n>XXI</n> <title>Van Hoorn, Van Riebeeck, Van Swoll, Douglas, De Vos, Van Rijn, Phoonsen, Zwaardecroon en Chastelein, 30 nov. 1707</title> <page>477</page></item>
    <item level="1"><n>XXII</n> <title>Van Hoorn, Van Riebeeck, Van Swoll, Van Rijn, Phoonsen en Zwaardecroon, 18 dec. 1707</title> <page>513</page></item>
    <item level="1"><n>XXIII</n> <title>Van Hoorn, Van Riebeeck, Van Swoll, Douglas, De Vos, Van Rijn, Phoonsen, Zwaardecroon en Chastelein, 15 jan. 1708</title> <page>514</page></item>
    <item level="1"><n>XXIV</n> <title>Van Hoorn, Van Riebeeck, Van Swoll, Douglas, De Vos, Van Rijn, Phoonsen, Zwaardecroon en Chastelein, 10 febr. 1708</title> <page>525</page></item>
    <item level="1"><n>XXV</n> <title>Van Hoorn, Van Riebeeck, Van Swoll, Douglas, De Vos, Van Rijn, Phoonsen en Zwaardecroon, 17 maart 1708</title> <page>530</page></item>
    <item level="1"><n>XXVI</n> <title>Van Hoorn, Van Riebeeck, Van Swoll, Douglas, De Vos, Van Rijn, Zwaardecroon en Chastelein, 25 nov. 1708</title> <page>531</page></item>
    <item level="1"><n>XXVII</n> <title>Van Hoorn, Van Riebeeck, Van Swoll, Douglas, De Vos, Van Rijn, Zwaardecroon, Chastelein en De Haan, 31 dec. 1708</title> <page>574</page></item>
    <item level="1"><n>XXVIII</n> <title>Van Hoorn, Van Riebeeck, Van Swoll, Douglas, De Vos, Van Rijn, Zwaardecroon, Chastelein en De Haan, 15 jan. 1709</title> <page>575</page></item>
    <item level="1"><n>XXIX</n> <title>Van Hoorn, Van Riebeeck, Van Swoll, Douglas, De Vos, Van Rijn, Zwaardecroon, Chastelein en De Haan, 18 febr. 1709</title> <page>587</page></item>
    <item level="1"><n>XXX</n> <title>Van Hoorn, Van Riebeeck, Van Swoll, Douglas, De Vos, Van Rijn, Chastelein, Zwaardecroon, De Haan, De Haeze, Tolling en Castelijn, 29 okt. 1709 </title> <page>596</page></item>

<item level="0"><title>Mr. ABRAHAM VAN RIEBEECK, 30 october 1709-17 november 1713</title></item>   	
	<item level="1"><n>I</n> <title>Van Riebeeck, Douglas, Van Swoll, De Vos, Chastelein, Zwaardecroon, De Haan, De Haeze, Tolling en Castelijn, 30 nov. 1709</title> <page>601</page></item>
    <item level="1"><n>II</n> <title>Van Riebeeck, Douglas, Van Swoll, De Vos, Chastelein, Zwaardecroon, Rooselaar, De Haan, De Haeze, Tolling en Castelijn, 15 jan. 1710</title> <page>641</page></item>
    <item level="1"><n>III</n> <title>Van Riebeeck, Douglas, Van Swoll, De Vos, Chastelein, Zwaardecroon, Rooselaar, De Haan, De Haeze, Tolling en Castelijn, 19 febr. 1710</title> <page>658</page></item>
    <item level="1"><n>IV</n> <title>Van Riebeeck, Douglas, Van Swoll, De Vos, Chastelein, De Haan, Tolling, Zwaardecroon, Rooselaar, De Haeze, Castelijn, Van Steelant, Timmerman, Faes en d'Ableing, 29 nov. 1710</title> <page>663</page></item>
    <item level="1"><n>V</n> <title>Van Riebeeck, Douglas, Van Swoll, Chastelein, De Haan, Tolling, Zwaardecroon, Rooselaar, De Haeze, Castelijn, Van Steelant, Timmerman, Faes en d'Ableing, 15 jan. 1711</title> <page>713</page></item>
    <item level="1"><n>VI</n> <title>Van Riebeeck, Douglas, Van Swoll, Chastelein, De Haan, Tolling, Zwaardecroon, De Haeze, Castelijn, Van Steelant, Timmerman, Faes en d'Ableing, 18 febr. 1711</title> <page>732</page></item>
    <item level="1"><n>VII</n> <title>Van Riebeeck, Douglas, Van Swoll, Chastelein, De Haan, Castelijn, Tolling, Zwaardecroon, Rooselaar, De Haeze, Faes en d'Ableing, 30 nov. 1711</title> <page>750</page></item>
    <item level="1"><n>VIII</n> <title>Van Riebeeck, Douglas, Van Swoll, Chastelein, De Haan, Castelijn, Tolling, Zwaardecroon, Rooselaar, De Haeze, Van Steelant, Timmerman, Faes en d'Ableing, 15 jan. 1712</title> <page>810</page></item>
    <item level="1"><n>IX</n> <title>Van Riebeeck, Douglas, Van Swoll, Chastelein, De Haan, Castelijn, Tolling, Zwaardecroon, Rooselaar, De Haeze, Van Steelant, Timmerman, Faes en d'Ableing, 12 febr. 1712</title> <page>836</page></item>
    <item level="1"><n>X</n> <title>Van Riebeeck, Douglas, Van Swoll, Chastelein, De Haan, Castelijn, Tolling, Zwaardecroon, Rooselaar, De Haeze, Timmerman, Faes en d'Ableing, 25 nov. 1712</title> <page>844</page></item>
    <item level="1"><n>XI</n> <title>Van Riebeeck, Douglas, Van Swoll, Chastelein, De Haan, Castelijn, Tolling, Zwaardecroon, Rooselaar, De Haeze, Timmerman, Faes en d'Ableing, 13 jan. 1713</title> <page>897</page></item>
    <item level="1"><n>XII</n> <title>Van Riebeeck, Douglas, Van Swoll, Chastelein, De Haan, Castelijn, Tolling, Zwaardecroon, Rooselaar, De Haeze, Timmerman, Faes en d'Ableing, 11 febr. 1713</title> <page>915</page></item>

</toc>