<?xml version="1.0" encoding="iso-8859-1"?>
<toc>
   <meta>Dit is de inhoudsopgave van Generale Missiven Deel III 1655-1674, GS 125 </meta>
<toc_title>Lijst van Generale Missiven 1655-1674 (bij deel III, GS 125)</toc_title>

<item level="0"><title>Mr. JOAN MAETSUYKER, 18 mei 1653-4 jan. 1678</title></item> 
    <item level="1"><n>VII</n> <title>Maetsuyker, Hulft, Hartzinck, Cunaeus, Verburch, Steur en Van den Bogaerde, 12 juli 1655</title> <page>1</page></item>
    <item level="1"><n>VIII</n> <title>Maetsuyker, Hartzinck, Cunaeus, Verburch, Steur, Van den Bogaerde en Sarcerius, 24 dec. 1655</title> <page>4</page></item>
    <item level="1"><n>IX</n> <title>Maetsuyker, Hartzinck, Cunaeus, Verburch en Steur, 1 febr. 1656</title> <page>47</page></item>
    <item level="1"><n>X</n> <title>Maetsuyker, Hartzinck, Cunaeus, Verburch en Steur, 18 juli 1656</title> <page>79</page></item>
    <item level="1"><n>XI</n> <title>Maetsuyker, Hartzinck, Cunaeus, Verburch en Steur, 31 juli 1656</title> <page>83</page></item>
    <item level="1"><n>XII</n> <title>Maetsuyker, Hartzinck, Cunaeus, De Vlaming van Oudtshoorn, Verburch en Steur, 4 dec. 1656</title> <page>85</page></item>
    <item level="1"><n>XIII</n> <title>Maetsuyker, Hartzinck, Cunaeus, De Vlaming van Oudtshoorn, Verburch, Steur en Caesar, 31 jan. 1657</title> <page>108</page></item>
    <item level="1"><n>XIV</n> <title>Maetsuyker, Hartzinck, Cunaeus, De Vlaming van Oudtshoorn, Verburch en Steur, 17 dec. 1657</title> <page>147</page></item>
    <item level="1"><n>XV</n> <title>Maetsuyker, Hartzinck, De Vlaming van Oudtshoorn, Verburch en Steur, 16 jan. 1658</title> <page>192</page></item>
    <item level="1"><n>XVI</n> <title>Maetsuyker, Hartzinck, De Vlaming van Oudtshoorn, Verburch en Steur, 17 jan. 1658</title> <page>209</page></item>
    <item level="1"><n>XVII</n> <title>Maetsuyker, Hartsinck, De Vlaming van Oudtshoorn, Verburch, Steur en Sterthemius, 14 dec. 1658</title> <page>210</page></item>
    <item level="1"><n>XVIII</n> <title>Maetsuyker, Hartsinck, De Vlaming van Oudtshoorn, Verburch, Steur en Sterthemius, 16 dec. 1659</title> <page>247</page></item>
    <item level="1"><n>XIX</n> <title>Maetsuyker, Hartsinck, De Vlaming van Oudtshoorn, Verburch en Steur, 16 jan. 1660</title> <page>292</page></item>
    <item level="1"><n>XX</n> <title>Maetsuyker, Hartsinck, De Vlaming van Oudtshoorn, Verburch en Steur, 16 dec. 1660</title> <page>314</page></item>
    <item level="1"><n>XXI</n> <title>Maetsuyker, Hartsinck, De Vlaming van Oudtshoorn, Verburch en Steur, 26 jan. 1661</title> <page>354</page></item>
    <item level="1"><n>XXII</n> <title>Maetsuyker, Hartsinck, De Vlaming van Oudtshoorn, Verburch en Steur, 28 jan. 1661</title> <page>371</page></item>
    <item level="1"><n>XXIII</n> <title>Maetsuyker, Hartsinck, De Vlaming van Oudtshoorn, Verburch en Steur, 29 juli 1661</title> <page>372</page></item>
    <item level="1"><n>XXIV</n> <title>Maetsuyker, Hartsinck, De Vlaming van Oudtshoorn, Verburch en Steur, 22 dec. 1661</title> <page>375</page></item>
    <item level="1"><n>XXV</n> <title>Maetsuyker, Hartsinck, Verburch en Steur, 30 jan. 1662</title> <page>383</page></item>
    <item level="1"><n>XXVI</n> <title>Maetsuyker, Hartsinck, Verburch en Steur, 22 april 1662</title> <page>393</page></item>
    <item level="1"><n>XXVII</n> <title>Maetsuyker, Hartsinck, Verburch, Steur en Thijsz., 26 dec. 1662</title> <page>403</page></item>
    <item level="1"><n>XXVIII</n> <title>Maetsuyker, Hartsinck, Verburech, Steur en Thijsz., 29 jan. 1663</title> <page>452</page></item>
	<item level="1"><n>XXIX</n> <title>Maetsuyker, Hartsinck, Verburch, Steur, Pit, Overtwater, Thijsz., Van der Meyde en van Hoorn, 21 dec. 1663</title> <page>453</page></item>
    <item level="1"><n>XXX</n> <title>Maetsuyker, Hartsinck, Verburch, Pit, Overtwater, Thijsz., Van Hoorn en Cops, 27 jan. 1664</title> <page>462</page></item>
    <item level="1"><n>XXXI</n> <title>Maetsuyker, Hartsinck, Verburch, Van Goens, Pit, Overtwater, Van den Brouck, Thijsz., Van Hoorn en Cops, 4 aug. 1664</title> <page>466</page></item>
    <item level="1"><n>XXXII</n> <title>Maetsuyker, Hartsinck, Verburch, Pit, Overtwater, Van den Brouck, Thijsz., Hustaert en Van Hoorn, 23 dec. 1664</title> <page>468</page></item>
    <item level="1"><n>XXXIII</n> <title>Maetsuyker, Hartsinck, Verburch, Pit, Overtwater, Van den Brouck, Thijsz., Hustaert en Van Hoorn, 30 jan. 1665</title> <page>474</page></item>
    <item level="1"><n>XXXIV</n> <title>Maetsuyker, Hartsinck, Verburch, Pit, Overtwater, Van den Brouck, Thijsz., Hustaert en Van Hoorn, 26 febr. 1665</title> <page>483</page></item>
    <item level="1"><n>XXXV</n> <title>Maetsuyker, Hartsinck, Verburch, Pit, Overtwater, Van den Brouck, Thijsz., Van Dam en Van Hoorn, 30 jan. 1666</title> <page>484</page></item>
    <item level="1"><n>XXXVI</n> <title>Maetsuyker, Hartsinck, Verburch, Pit, Overtwater, Van den Brouck, Thijsz. en Van Dam, 25 jan. 1667</title> <page>525</page></item>
    <item level="1"><n>XXXVII</n> <title>Maetsuyker, Verburch, Pit, Overtwater, Van den Brouck en Thijsz., 5 oct. 1667</title> <page>581</page></item>
    <item level="1"><n>XXXVIII</n> <title>Maetsuyker, Verburch, Pit, Overtwater, Van den Brouck en Thijsz., 6 dec. 1667</title> <page>601</page></item>
    <item level="1"><n>XXXIX</n> <title>Maetsuyker, Verburch, Pit, Overtwater, Van den Brouck en Thijsz., 23 dec. 1667</title> <page>613</page></item>
    <item level="1"><n>XL</n> <title>Maetsuyker, Verburch, Pit, Overtwater, Van den Brouck en Thijsz., 31 dec. 1667</title> <page>617</page></item>
    <item level="1"><n>XLI</n> <title>Maetsuyker, Verburch, Pit, Overtwater, Van den Brouck, Thijsz. en Van Hoorn, 18 oct. 1668</title> <page>618</page></item>
    <item level="1"><n>XLII</n> <title>Maetsuyker, Verburch, Pit, Overtwater, Van den Brouck, Thijsz. en Van Hoorn, 1 dec. 1668</title> <page>641</page></item>
    <item level="1"><n>XLIII</n> <title>Maetsuyker, Verburch, Pit, Overtwater, Van den Brouck, Van Hoorn en Ranst, 13 dec. 1668</title> <page>653</page></item>
    <item level="1"><n>XLIV</n> <title>Maetsuyker, Verburch, Pit, Overtwater, Van den Brouck, Van Hoorn en Ranst, 19 dec. 1668</title> <page>655</page></item>
    <item level="1"><n>XLV</n> <title>Maetsuyker, Verburch, Pit, Overtwater, Van den Brouck, Van Hoorn en Ranst, 31 jan. 1669</title> <page>664</page></item>
    <item level="1"><n>XLVI</n> <title>Maetsuyker, Verburch, Pit, Overtwater, Van den Brouck, Van Hoorn en Ranst, 16 febr. 1669</title> <page>670</page></item>
    <item level="1"><n>XLVII</n> <title>Maetsuyker, Verburch, Pit, Overtwater, Van den Brouck, Van Hoorn en Ranst, 18 febr. 1669</title> <page>674</page></item>
    <item level="1"><n>XLVIII</n> <title>Maetsuyker, Verburch, Pit, Overtwater, Van den Brouck, Van Hoorn en Ranst, 28 febr. 1669</title> <page>675</page></item>
    <item level="1"><n>XLIX</n> <title>Maetsuyker, Verburch, Pit, Overtwater, Van den Brouck en Van Hoorn, 17 nov. 1669</title> <page>676</page></item>
    <item level="1"><n>L</n> <title>Maetsuyker, Verburch, Pit, Overtwater en Van Hoorn, 30 nov. 1669</title> <page>709</page></item>
    <item level="1"><n>LI</n> <title>Maetsuyker, Verburch, Pit, Overtwater en Van Hoorn, 15 dec. 1669</title> <page>710</page></item>
    <item level="1"><n>LII</n> <title>Maetsuyker, Verburch, Pit, Overtwater en Van Hoorn, 31 jan. 1670</title> <page>722</page></item>
    <item level="1"><n>LIII</n> <title>Maetsuyker, Verburch, Pit, Overtwater en Van Hoorn, 11 febr. 1670</title> <page>738</page></item>
    <item level="1"><n>LIV</n> <title>Maetsuyker, Verburch, Pit, Overtwater, Speelman en Van Hoorn, 2 sept. 1671</title> <page>739</page></item>
    <item level="1"><n>LV</n> <title>Maetsuyker, Verburch, Pit, Overtwater, Speelman en Van Hoorn, 16 nov. 1671</title> <page>748</page></item>
    <item level="1"><n>LVI</n> <title>Maetsuyker, Verburch, Pit, Overtwater, Speelman en Van Hoorn, 19 dec. 1671</title> <page>750</page></item>
    <item level="1"><n>LVII</n> <title>Maetsuyker, Verburch, Pit, Overtwater, Speelman en Van Hoorn, 31 jan. 1672</title> <page>779</page></item>
    <item level="1"><n>LVIII</n> <title>Maetsuyker, Verburch, Pit, Overtwater, Speelman en Van Hoorn, 5 febr. 1672</title> <page>813</page></item>
    <item level="1"><n>LIX</n> <title>Maetsuyker, Verburch, Pit, Overtwater, Speelman en Van Hoorn, 20 febr. 1672</title> <page>814</page></item>
    <item level="1"><n>LX</n> <title>Maetsuyker, Verburch, Pit, Overtwater, Speelman, Van Hoorn, Cops en Volger, 31 juli 1672</title> <page>815</page></item>
    <item level="1"><n>LXI</n> <title>Maetsuyker, Verburch, Pit, Overtwater, Speelman, Van Hoorn en Volger, 27 aug. 1672</title> <page>821</page></item>
    <item level="1"><n>LXII</n> <title>Maetsuyker, Verburch, Pit, Overtwater, Speelman en Van Hoorn, 22 sept. 1672</title> <page>822</page></item>
    <item level="1"><n>LXIII</n> <title>Maetsuyker, Verburch, Pit, Overtwater, Speelman en Van Hoorn, 11 dec. 1672</title> <page>823</page></item>
    <item level="1"><n>LXIV</n> <title>Maetsuyker, Verburch, Pit, Overtwater, Speelman en Van Hoorn, 13 dec. 1672</title> <page>834</page></item>
    <item level="1"><n>LXV</n> <title>Maetsuyker, Verburch, Pit, Overtwater, Speelman en Van Hoorn, 31 jan. 1673</title> <page>835</page></item>
    <item level="1"><n>LXVI</n> <title>Maetsuyker, Verburch, Pit, Overtwater, Speelman en Van Hoorn, 13 nov. 1673</title> <page>877</page></item>
    <item level="1"><n>LXVII</n> <title>Maetsuyker, Verburch, Pit, Overtwater, Speelman en Van Hoorn, 23 dec. 1673</title> <page>893</page></item>
    <item level="1"><n>LXVIII</n> <title>Maetsuyker, Verburch, Pit, Overtwater, Speelman en Van Hoorn, 31 jan. 1674</title> <page>894</page></item>
    <item level="1"><n>LXIX</n> <title>Maetsuyker, Verburch, Pit, Overtwater, Speelman en Van Hoorn, 22 febr. 1674</title> <page>918</page></item>
    <item level="1"><n>LXX</n> <title>Maetsuyker, Verburch, Pit, Overtwater, Speelman, Van Hoorn en Abbema, 8 oct. 1674</title> <page>919</page></item>
    <item level="1"><n>LXXI</n> <title>Maetsuyker, Verburch, Pit, Overtwater, Speelman, Van Hoorn en Abbema, 17 nov. 1674</title> <page>924</page></item>
	
</toc>