<?xml version="1.0" encoding="iso-8859-1"?>
<toc>
   <meta>Dit is de inhoudsopgave van Generale Missiven Deel III 1655-1674, GS 125 </meta>

<item level="0"><title>Inleiding</title> <page>VII</page></item>
<item level="0"><title>Lijst van Generale Missiven 1655-1674</title> <page>IX</page></item>
<item level="0"><title>Aanvullende Lijst van Afkortingen der Titels van Aangehaalde Werken</title> <page>XII</page></item>
<item level="0"><title>Generale Missiven 1655-1674</title> <page>1</page></item>
<item level="0"><title>Indices</title> <page>953</page></item>
<item level="0"><title>Toelichting bij de Indices</title> <page>954</page></item>
<item level="0"><title>Index van Persoonsnamen</title> <page>955</page></item>
<item level="0"><title>Index van Geografische Namen</title> <page>967</page></item>
<item level="0"><title>Index van Scheepsnamen</title> <page>987</page></item>
<item level="0"><title>Index van Andere Termen</title> <page>992</page></item>
</toc>