<?xml version="1.0" encoding="iso-8859-1"?>
<toc>
   <meta>Dit is de inhoudsopgave van Generale Missiven Deel I 1610-1638, GS 104 </meta>

<item level="0"><title>Inleiding</title> <page>VII</page></item>
<item level="0"><title>Lijst van Generale Missiven 1610-1638</title> <page>XVII</page></item>
<item level="0"><title>Lijst van Afkortingen van Titels der Aangehaalde Werken</title> <page>XXI</page></item>
<item level="0"><title>Generale Missiven 1610-1638</title> <page>1</page></item>
<item level="0"><title>Indices</title> <page>745</page></item>
<item level="0"><title>Toelichting bij de Indices</title> <page>746</page></item>
<item level="0"><title>Index van Persoonsnamen</title> <page>747</page></item>
<item level="0"><title>Index van Geografische Namen</title> <page>754</page></item>
<item level="0"><title>Index van Scheepsnamen</title> <page>767</page></item>
<item level="0"><title>Index van Andere Termen</title> <page>772</page></item>
</toc>