<?xml version="1.0" encoding="UTF-8"?><toc><!--Dit is een gecombineerde TOC-file, hij is samensteld op basis van de volgende bestanden: toc-1.xml, toc-2.xml-->
   <meta>Dit is de inhoudsopgave van Generale Missiven Deel I 1610-1638, GS 104 </meta>

<item level="0"><title>Inleiding</title> <page>VII</page></item>
<item level="0"><title>Lijst van Generale Missiven 1610-1638</title> <page>XVII</page></item>
<item level="0"><title>Lijst van Afkortingen van Titels der Aangehaalde Werken</title> <page>XXI</page></item>
<item level="0"><title>Generale Missiven 1610-1638</title> <page>1</page></item>
<item level="0"><title>Indices</title> <page>745</page></item>
<item level="0"><title>Toelichting bij de Indices</title> <page>746</page></item>
<item level="0"><title>Index van Persoonsnamen</title> <page>747</page></item>
<item level="0"><title>Index van Geografische Namen</title> <page>754</page></item>
<item level="0"><title>Index van Scheepsnamen</title> <page>767</page></item>
<item level="0"><title>Index van Andere Termen</title> <page>772</page></item>

   <meta>Dit is de inhoudsopgave van Generale Missiven Deel I 1610-1638, GS 104 </meta>
<toc_title>Lijst van Generale Missiven 1640-1638 (bij deel I, GS 104)</toc_title>

<item level="0"><title>PIETER BOTH. 19 dec. 1610-6 nov. 1614</title></item> 
    <item level="1"><n>I</n> <title>Wapen van Amsterdam, voor Ile de Mayo, 25 febr. 1610</title> <page>3</page></item>
    <item level="1"><n>II</n> <title>Wapen van Amsterdam, Tafelbaai, 6 aug. 1610</title> <page>3</page></item>
    <item level="1"><n>III</n> <title>Wapen van Amsterdam, ter rede van Mauritius</title> <page>3</page></item>
    <item level="1"><n>IV</n> <title>Kasteel Nassau op Banda, 18 juli 1611</title> <page>4</page></item>
    <item level="1"><n>V</n> <title>Vere, voor Maleyo, 31 maart 1612</title> <page>7</page></item>
    <item level="1"><n>VI</n> <title>Fort Mauritius nabij Ngofakiaha op het eiland Makéan, 26 juli 1612</title> <page>8</page></item>
    <item level="1"><n>VII</n> <title>Fort Mauritius nabij Ngofakiaha op het eiland Makéan, 26 juli 1612</title> <page>16</page></item>
    <item level="1"><n>VIII</n> <title>Fort Mauritius nabij Ngofakiaha op het eiland Makéan, 26 juli 1612</title> <page>16</page></item>
    <item level="1"><n>IX</n> <title>Fort Mauritius nabij Ngofakiaha op het eiland Makéan, 26 juli 1612</title> <page>17</page></item>
    <item level="1"><n>X</n> <title>Ongedateerd en zonder plaats</title> <page>18</page></item>
    <item level="1"><n>XI</n> <title>Fort Mauritius nabij Ngofakiaha op het eiland Makéan, 26 juli 1612</title> <page>19</page></item>
    <item level="1"><n>XII</n> <title>Fort Mauritius nabij Ngofakiaha op het eiland Makéan, 26 juli 1612</title> <page>20</page></item>
    <item level="1"><n>XIII</n> <title>Fort Mauritius nabij Ngofakiaha op het eiland Makéan, 26 juli 1612</title> <page>20</page></item>
    <item level="1"><n>XIV</n> <title>Zonder plaats en datum</title> <page>20</page></item>
    <item level="1"><n>XV</n> <title>Bantam, 1 januari 1614</title> <page>21</page></item>
    <item level="1"><n>XVI</n> <title>Bantam, 1 januari 1614</title> <page>27</page></item>
    <item level="1"><n>XVII</n> <title>Bantam, 1 januari 1614</title> <page>27</page></item>
    <item level="1"><n>XVIII</n> <title>Bantam, 10 nov. 1614</title> <page>28</page></item>
    <item level="1"><n>XIX</n> <title>Bantam, 10 nov. 1614</title> <page>29</page></item>
    <item level="1"><n>XX</n> <title>Bantam, 10 nov. 1614</title> <page>33</page></item>
    <item level="1"><n>XXI</n> <title>Bantam, 10 nov. 1614</title> <page>37</page></item>
    <item level="1"><n>XXII</n> <title>Bantam, 10 nov. 1614</title> <page>39</page></item>
    	
<item level="0"><title>GERARD REYNST. 6 nov. 1614-7 dec. 1615</title></item> 
    <item level="1"><n>I</n> <title>Bantam, 11 nov. 1614</title> <page>43</page></item>
    <item level="1"><n>II</n> <title>Bantam, 26 okt. 1615</title> <page>46</page></item>
    <item level="1"><n>IIa</n> <title>Bijlage van de voorgaande brief</title> <page>56</page></item>
   	
<item level="0"><title>DR. LAURENS REAEL. 16 juni 1616-21 maart 1619</title></item> 
    <item level="1"><n>I</n> <title>Ternate, 18 juli 1616</title> <page>63</page></item>
    <item level="1"><n>II</n> <title>Ternate, 22 sept. 1616</title> <page>68</page></item>
    <item level="1"><n>III</n> <title>Banda, 10 mei 1617</title> <page>70</page></item>
    <item level="1"><n>IV</n> <title>Amboina, 2 juli 1617</title> <page>74</page></item>
    <item level="1"><n>V</n> <title>Bantam, 10 nov. 1617</title> <page>76</page></item>
    <item level="1"><n>VI</n> <title>Bantam, 17 dec. 1617 (?)</title> <page>77</page></item>
    <item level="1"><n>VII</n> <title>Bantam, 17 dec. 1617</title> <page>80</page></item>
    <item level="1"><n>VIII</n> <title>Jakatra, 6 jan. 1618</title> <page>81</page></item>
    <item level="1"><n>IX</n> <title>Kasteel Nassau op Banda, 7 mei 1618</title> <page>82</page></item>
    <item level="1"><n>X</n> <title>Wapen van Amsterdam, voor Banda-Neira, 11 juli 1618</title> <page>85</page></item>
    <item level="1"><n>XI</n> <title>Kasteel Mauritius nabij Ngofakiaha op Makéan, 20 aug. 1618</title> <page>87</page></item>
    <item level="0"><title>JAN PIETERSZ. COEN. 21 maart 1619-1 febr. 1623</title></item>
    <item level="1"><n>I</n> <title>Coen, Kasteel Jakatra, 5 aug. 1619</title> <page>97</page></item>
    <item level="1"><n>II</n> <title>Coen, Kasteel Jakatra, 7 okt. 1619</title> <page>97</page></item>
    <item level="1"><n>III</n> <title>Coen, Kasteel Jakatra, 15 okt. 1619</title> <page>97</page></item>
    <item level="1"><n>IV</n> <title>Coen, De Carpentier, Dedel, De Houtman en Willem Jansz., Kasteel Jakatra, 22 jan. 1620</title> <page>97</page></item>
    <item level="1"><n>V</n> <title>Coen en Dedel, Kasteel Jakatra, 29 jan. 1620</title> <page>97</page></item>
    <item level="1"><n>VI</n> <title>Coen, De Carpentier, Willem Jansz. en Dedel, Kasteel Jakatra, 11 mei 1620 </title> <page>97</page></item>
    <item level="1"><n>VII</n> <title>Coen, De Carpentier en Dedel, Kasteel Jakatra, 12 mei 1620</title> <page>97</page></item>
    <item level="1"><n>VIII</n> <title>Coen, De Carpentier, Dedel en Sonck, Kasteel Jakatra, 31 juli 1620</title> <page>98</page></item>
    <item level="1"><n>IX</n> <title>Coen, De Houtman, De Carpentier en Sonck, Kasteel Jakatra, 26 okt. 1620</title> <page>98</page></item>
    <item level="1"><n>X</n> <title>Coen, De Houtman, De Carpentier, Dedel en Sonck, Kasteel Jakatra, 8 jan. 1621</title> <page>98</page></item>
    <item level="1"><n>XI</n> <title>De Carpentier en Dedel, Kasteel Jakatra, 8 maart 1621</title> <page>99</page></item>
    <item level="1"><n>XII</n> <title>Coen en Sonck, Nieuw-Hollandia, ter rede van Banda-Neira, 6 mei 1621</title> <page>105</page></item>
    <item level="1"><n>XIII</n> <title>De Carpentier, Dedel, Cornelisz. Reyersz. en Van Uffelen, Kasteel Jakatra, 9 juli 1621</title> <page>106</page></item>
    <item level="1"><n>XIV</n> <title>Coen, De Carpentier, Lam en Van Antzen, 16 nov. 1621</title> <page>118</page></item>
    <item level="1"><n>XV</n> <title>Coen, De Carpentier en Van Antzen, 20 dec. 1621</title> <page>118</page></item>
    <item level="1"><n>XVI</n> <title>Coen, De Carpentier en Van Antzen, 21 jan. 1622</title> <page>118</page></item>
    <item level="1"><n>XVII</n> <title>Coen, De Carpentier en Van Antzen, 14 maart 1622</title> <page>118</page></item>
    <item level="1"><n>XVIII</n> <title>Coen, De Carpentier en Van Antzen, 26 maart 1622</title> <page>118</page></item>
    <item level="1"><n>XIX</n> <title>Coen, De Carpentier, Van Antzen en Specx, 6 sept. 1622</title> <page>118</page></item>
    <item level="0"><title>PIETER DE CARPENTIER, 1 febr. 1623-30 sept. 1627</title></item> 
    <item level="1"><n>I</n> <title>De Carpentier, Willem Jansz. en Specx, 1 febr. 1623</title> <page>121</page></item>
    <item level="1"><n>II</n> <title>De Carpentier en Raden, 24 febr. 1623</title> <page>126</page></item>
    <item level="1"><n>III</n> <title>De Carpentier, De Houtman, Dedel en Specx, 25 dec. 1623</title> <page>129</page></item>
    <item level="1"><n>IV</n> <title>De Carpentier, De Houtman, Dedel, Sonck, Specx en Van Gorcom, 3 jan. 1624</title> <page>131</page></item>
    <item level="1"><n>V</n> <title>De Carpentier, Dedel, Sonck, Specx en Van Gorcom, 4 maart 1624</title> <page>148</page></item>
    <item level="1"><n>VI</n> <title>De Carpentier, Specx, Vlack en Van Diemen, 17 jan. 1625</title> <page>152</page></item>
    <item level="1"><n>VII</n> <title>De Carpentier en Raden, 13 aug. 1625</title> <page>172</page></item>
    <item level="1"><n>VIIa</n> <title>De Carpentier en Raden, 13 sept. 1625</title> <page>173</page></item>
    <item level="1"><n>VIII</n> <title>De Carpentier, Specx, Vlack en Van Diemen, 27 okt. 1625</title> <page>174</page></item>
    <item level="1"><n>IX</n> <title>De Carpentier, Specx, Vlack en Van Diemen, 3 febr. 1626</title> <page>184</page></item>
    <item level="1"><n>X</n> <title>De Carpentier en Raden, 15 febr. 1626</title> <page>203</page></item>
    <item level="1"><n>XI</n> <title>De Carpentier, Specx, Vlack en Van Diemen, 13 dec. 1626</title> <page>204</page></item>
    <item level="1"><n>XII</n> <title>De Carpentier, Specx, Vlack, Van Diemen en Schram, 15 dec. 1626</title> <page>234</page></item>
    <item level="1"><n>XIII</n> <title>De Carpentier, Schram, Specx, Vlack en Van Diemen, 26 dec. 1626</title> <page>235</page></item>
    <item level="1"><n>XIV</n> <title>De Carpentier en Raden, 2 febr. 1627</title> <page>239</page></item>
    <item level="1"><n>XV</n> <title>De Carpentier, 29 juli 1627</title> <page>240</page></item>
    <item level="0"><title>JAN PIETERSZ. COEN. 30 sept. 1627-21 sept. 1629</title></item>
    <item level="1"><n>I</n> <title>Coen, De Carpentier, Specx, Van Duynen, Van Diemen en De Meester, 9 nov. 1627</title> <page>244</page></item>
    <item level="1"><n>II</n> <title>Coen, Van Duynen, Van Diemen en De Meester, 6 jan. 1628</title> <page>244</page></item>
    <item level="1"><n>III</n> <title>Coen, Van Duynen, Van Diemen en De Meester, 13 jan. 1628</title> <page>244</page></item>
    <item level="1"><n>IV</n> <title>Coen, Van Duynen, Van Diemen en De Meester, 24 jan. 1628</title> <page>244</page></item>
    <item level="1"><n>V</n> <title>Coen, Willem Jansz. Lefebvre, Van Gorcom, Vlack, Van Diemen en Blocq, 3 nov. 1628</title> <page>244</page></item>
    <item level="1"><n>VI</n> <title>Coen, Vlack en Van Diemen, 17 nov. 1628</title> <page>244</page></item>
    <item level="1"><n>VII</n> <title>Coen, Vlack en Van Diemen, 10 febr. 1629</title> <page>244</page></item>
    <item level="1"><n>VIII</n> <title>Coen, Vlack en Van Diemen, 18 maart 1629</title> <page>244</page></item>
    <item level="0"><title>JACQUES SPECX. 24 sept. 1629-7 sept. 1632</title></item>
    <item level="1"><n>I</n> <title>Specx, Vlack, Van Diemen, Nuyts en Van Raemsburch, 15 dec. 1629</title> <page>247</page></item>
    <item level="1"><n>II</n> <title>Specx, Vlack, Van Diemen en Van der Burch, 7 maart 1631</title> <page>279</page></item>
    <item level="1"><n>III</n> <title>Van Diemen, Deventer, nabij de Zuidpunt van Afrika, 5 juni 1631</title> <page>302</page></item>
    <item level="1"><n>IV</n> <title>Specx, Vlack, Van der Burch en Gardenijs, 6 jan. 1632</title> <page>303</page></item>
    
	
<item level="0"><title>HENDRICK BROUWER. 7 sept. 1632-1 jan. 1636</title></item> 
    <item level="1"><n>I</n> <title>Brouwer, Vlack en Van der Burch, 1 dec. 1632</title> <page>331</page></item>
    <item level="1"><n>II</n> <title>Brouwer, Vlack, Maerten Ysbrantsz. en Van der Burch, 7 febr. 1633</title> <page>366</page></item>
    <item level="1"><n>III</n> <title>Brouwer, Vlack, Maerten Ysbrantsz. en Van der Burch, 8 febr. 1633</title> <page>369</page></item>
    <item level="1"><n>IV</n> <title>Brouwer, Van Diemen, Vlack, Philips Lucasz. en Van der Burch, 15 aug. 1633</title> <page>373</page></item>
    <item level="1"><n>V</n> <title>Brouwer, Van Diemen, Vlack, Van der Burch, en Van den Heuvel, 15 dec. 1633</title> <page>393</page></item>
    <item level="1"><n>VI</n> <title>Brouwer, Wesel, in straat Sunda, 25 dec. 1633</title> <page>433</page></item>
    <item level="1"><n>VII</n> <title>Brouwer, Van Diemen, Vlack en Van der Burch, 20 febr. 1634</title> <page>435</page></item>
    <item level="1"><n>VIII</n> <title>Brouwer, Van Diemen, Vlack en Van der Burch, 5 maart 1634</title> <page>437</page></item>
    <item level="1"><n>IX</n> <title>Brouwer, Van Diemen, Vlack en Van der Burch, 15 aug. 1634</title> <page>438</page></item>
    <item level="1"><n>X</n> <title>Brouwer, Van Diemen, Van der Burch en Van Broeckum, 27 dec. 1634</title> <page>453</page></item>
    <item level="1"><n>XI</n> <title>Brouwer, Utrecht, nabij de Vlakke Hoek, 8 jan. 1635</title> <page>482</page></item>
    <item level="1"><n>XII</n> <title>Brouwer, Van Diemen en Van der Burch, 31 dec. 1635</title> <page>491</page></item>
    <item level="1"><n>XIII</n> <title>Brouwer, Van Diemen, Philips Lucasz., Maerten Ysbrantsz., Gijsels en Van der Burch, 4 jan. 1636</title> <page>507</page></item>
    <item level="0"><title>ANTONIO VAN DIEMEN. 1 jan. 1636-19 april 1645</title></item>
    <item level="1"><n>I</n> <title>Van Diemen, Philips Lucasz., Gijsels en Van der Burch, 2 febr. 1636</title> <page>553</page></item>
    <item level="1"><n>II</n> <title>Van Diemen, Philips Lucasz., Gijsels, Putmans, Caen en Ottens, 28 dec. 1636</title> <page>554</page></item>
    <item level="1"><n>III</n> <title>Van Diemen, Philips Lucasz., Gijsels en Caen, 9 dec. 1637</title> <page>596</page></item>
    <item level="1"><n>IV</n> <title>Van Diemen, Philips Lucasz. en Caen, 26 dec. 1637 </title> <page>658</page></item>
    <item level="1"><n>V</n> <title>Van Diemen, Philips Lucasz., Reniers, Welsing en Van der Lijn, 22 dec. 1638</title> <page>663</page></item>
    <item level="1"><n>VI</n> <title>Van Diemen, Philips Lucasz., Reniers, Welsing en Van der Lijn, 30 dec. 1638</title> <page>734</page></item>
    
</toc>