<?xml version="1.0" encoding="utf-8"?>
<toc>
   <meta>Dit is de inhoudsopgave van Generale Missiven, deel XIII: 1756-1761, GS 258</meta>
	
 <item level="0">
	<title>Inleiding</title> <page>VII</page>
	</item>	

<item level="0">
	<title>Lijst van Generale Missiven 1756-1761</title> <page>IX</page>
	</item>	

<item level="0">
	<title>Titels (met afkorting) van geraadpleegde werken</title> <page>XI</page>
	</item>	

 <item level="0">
	<title>Generale Missiven Jacob Mossel 1756-1761</title> <page>1</page>
	</item>	
	
 <item level="0">
	<title>Toelichting bij de indices</title> <page>634</page>
	</item>	

<item level="0">
	<title>Index van persoonsnamen</title> <page>635</page>
	</item>	

<item level="0">
	<title>Index van geografische namen</title> <page>655</page>
	</item>	

 <item level="0">
	<title>Index van scheepsnamen</title> <page>671</page>
	</item>	
	
 <item level="0">
	<title>Index van overige termen</title> <page>676</page>
	</item>	
		
</toc>