<?xml version="1.0" encoding="UTF-8"?><toc><!--Dit is een gecombineerde TOC-file, hij is samensteld op basis van de volgende bestanden: toc-1.xml, toc-2.xml-->
   <meta>Dit is de inhoudsopgave van Generale Missiven, deel XIII: 1756-1761, GS 258</meta>
	
 <item level="0">
	<title>Inleiding</title> <page>VII</page>
	</item>	

<item level="0">
	<title>Lijst van Generale Missiven 1756-1761</title> <page>IX</page>
	</item>	

<item level="0">
	<title>Titels (met afkorting) van geraadpleegde werken</title> <page>XI</page>
	</item>	

 <item level="0">
	<title>Generale Missiven Jacob Mossel 1756-1761</title> <page>1</page>
	</item>	
	
 <item level="0">
	<title>Toelichting bij de indices</title> <page>634</page>
	</item>	

<item level="0">
	<title>Index van persoonsnamen</title> <page>635</page>
	</item>	

<item level="0">
	<title>Index van geografische namen</title> <page>655</page>
	</item>	

 <item level="0">
	<title>Index van scheepsnamen</title> <page>671</page>
	</item>	
	
 <item level="0">
	<title>Index van overige termen</title> <page>676</page>
	</item>	
		

   <meta>Dit is de inhoudsopgave van Generale Missiven Deel 13, GS  258</meta>
<toc_title>Lijst van Generale Missiven 1756-1761 (bij deel XIII, GS 258)</toc_title>

<item level="0"><title>JACOB MOSSEL, 13 april 1756-29 april 1761</title></item> 

    <item level="1"><n>XXVII</n> <title>Mossel, Van der Waeyen, Van der Parra, Van der Spar, Van de Velde, Van Rheede, De Nijs, Van Bazel, Hooreman, Van Hohendorf, Van Riemsdijk, Schreuder en De Klerk, 13 april 1756</title> <page>1</page></item>
    <item level="1"><n>XXVIII</n> <title>Mossel, Van der Waeyen, Van der Parra, Van der Spar, Van de Velde, Van Rheede, De Nijs, Van Bazel, Hooreman, Van Hohendorf, Van Riemsdijk en De Klerk, 15 oktober 1756</title> <page>8</page></item>
    <item level="1"><n>XXIX</n> <title>Mossel, Van der Waeyen, Van der Parra, Van der Spar, Van de Velde, Van Rheede, De Nijs, Van Bazel, Hooreman, Van Hohendorf, Van Riemsdijk en De Klerk, 31 december 1756</title> <page>14</page></item>
	<item level="1"><n>XXX</n> <title>Mossel, Van der Waeyen, Van der Parra, Van der Spar, Van de Velde, Van Rheede, De Nijs, Van Bazel, Hooreman, Van Hohendorf, Van Riemsdijk, De Klerk en Loten, 25 april 1757</title> <page>111</page></item>
    <item level="1"><n>XXXI</n> <title>Mossel, Van der Waeyen, Van der Parra, Van der Spar, Van de Velde, Van Rheede, Van Bazel, Hooreman, Van Hohendorf, Van Riemsdijk, De Klerk en Loten, 15 oktober 1757</title> <page>115</page></item>
    <item level="1"><n>XXXII</n> <title>Mossel, Van der Waeyen, Van der Parra, Van der Spar, Van de Velde, Van Rheede, De Nijs, Van Bazel, Hooreman, Van Hohendorf, Van Riemsdijk en De Klerk, 31 december 1757</title> <page>122</page></item>
	<item level="1"><n>XXXIII</n> <title>Mossel, Van der Waeyen, Van der Parra, Van der Spar, Van de Velde, Van Rheede, Van Bazel, Hooreman, Van Hohendorf, Van Riemsdijk, De Nijs en De Klerk, 25 april 1758</title> <page>213</page></item>
    <item level="1"><n>XXXIV</n> <title>Mossel, Van der Waeyen, Van der Parra, Van der Spar, Van de Velde, Van Rheede, Van Bazel, Hooreman, Van Hohendorf, Van Riemsdijk en De Klerk, 15 oktober 1758</title> <page>217</page></item>
    <item level="1"><n>XXXV</n> <title>Mossel, Van der Waeyen, Van der Parra, Van der Spar, Van de Velde, Van Rheede, De Nijs, Van Bazel, Hooreman, Van Riemsdijk en De Klerk, 31 december 1758</title> <page>231</page></item>
	<item level="1"><n>XXXVI</n> <title>Mossel, Van der Waeyen, Van der Parra, Van der Spar, Van de Velde, Van Rheede, De Nijs, Van Bazel, Hooreman, Van Riemsdijk en De Klerk, 30 april 1759</title> <page>340</page></item>
    <item level="1"><n>XXXVII</n> <title>Mossel, Van der Waeyen, Van der Parra, Van der Spar, Van de Velde, Van Rheede, De Nijs, Van Bazel, Hooreman, Van Hohendorf, Van Riemsdijk en De Klerk, 15 oktober 1759</title> <page>345</page></item>
    <item level="1"><n>XXXVIII</n> <title>Mossel, Van der Waeyen, Van der Parra, Van der Spar, De Nijs, Van Bazel, Hooreman, Van Riemsdijk, De Klerk en Van Mijlendonk, 31 december 1759</title> <page>362</page></item>
	<item level="1"><n>XXXIX</n> <title>Mossel, Van der Waeyen, Van der Parra, Van der Spar, De Nijs, Van Bazel, Hooreman, Van Hohendorf, Van Riemsdijk, De Klerk en Van Mijlendonk, 25 april 1760</title> <page>477</page></item>
    <item level="1"><n>XL</n> <title>Mossel, Van der Waeyen, Van der Parra, Van der Spar, De Nijs, Van Bazel, Hooreman, Van Hohendorf, Van Riemsdijk, De Klerk en Van Mijlendonk, 15 oktober 1760</title> <page>483</page></item>
    <item level="1"><n>XLI</n> <title>Mossel, Van der Waeyen, Van der Parra, Van der Spar, De Nijs, Van Bazel, Hooreman, Van Riemsdijk, De Klerk en Van Mijlendonk, 31 december 1760</title> <page>501</page></item>
	<item level="1"><n>XLII</n> <title>Mossel, Van der Waeyen, Van der Parra, Van der Spar, De Nijs, Van Bazel, Hooreman, Van Riemsdijk, De Klerk en Van Mijlendonk, 29 april 1761</title> <page>620</page></item>
    </toc>