<?xml version="1.0" encoding="iso-8859-1"?>
<toc>
   <meta>Dit is de inhoudsopgave van Generale Missiven Deel V 1686-1697, GS 150 </meta>

<item level="0"><title>Inleiding</title> <page>VII</page></item>
<item level="0"><title>Lijst van Generale Missiven 1686-1697</title> <page>XIII</page></item>
<item level="0"><title>Lijst van Afkortingen der Titels van Aangehaalde Werken</title> <page>XV</page></item>
<item level="0"><title>Generale Missiven 1686-1697</title> <page>1</page></item>
<item level="0"><title>Indices</title> <page>865</page></item>
<item level="0"><title>Toelichting bij de Indices</title> <page>866</page></item>
<item level="0"><title>Index van Persoonsnamen</title> <page>867</page></item>
<item level="0"><title>Index van Geografische Namen</title> <page>884</page></item>
<item level="0"><title>Index van Scheepsnamen</title> <page>904</page></item>
<item level="0"><title>Index van Andere Termen</title> <page>910</page></item>
</toc>