<?xml version="1.0" encoding="UTF-8"?><toc><!--Dit is een gecombineerde TOC-file, hij is samensteld op basis van de volgende bestanden: toc-1.xml, toc-2.xml-->
   <meta>Dit is de inhoudsopgave van Generale Missiven Deel V 1686-1697, GS 150 </meta>

<item level="0"><title>Inleiding</title> <page>VII</page></item>
<item level="0"><title>Lijst van Generale Missiven 1686-1697</title> <page>XIII</page></item>
<item level="0"><title>Lijst van Afkortingen der Titels van Aangehaalde Werken</title> <page>XV</page></item>
<item level="0"><title>Generale Missiven 1686-1697</title> <page>1</page></item>
<item level="0"><title>Indices</title> <page>865</page></item>
<item level="0"><title>Toelichting bij de Indices</title> <page>866</page></item>
<item level="0"><title>Index van Persoonsnamen</title> <page>867</page></item>
<item level="0"><title>Index van Geografische Namen</title> <page>884</page></item>
<item level="0"><title>Index van Scheepsnamen</title> <page>904</page></item>
<item level="0"><title>Index van Andere Termen</title> <page>910</page></item>

   <meta>Dit is de inhoudsopgave van Generale Missiven Deel V 1686-1697, GS 150 </meta>
<toc_title>Lijst van Generale Missiven 1686-1697 (bij deel V, GS 150)</toc_title>

<item level="0"><title>JOANNES CAMPHUYS, 11 januari 1684-24 september 1691</title></item> 
    <item level="1"><n>IX</n> <title>Camphuys, Hurdt, Van Outhoorn, Van Goens, Pit, Van Quaelbergh, Van Hoorn, De Saint-Martin en Slicher, 8 januari 1686</title> <page>1</page></item>
    <item level="1"><n>X</n> <title>Camphuys, Hurdt, Van Outhoorn, Van Goens, Pit, Van Quaelbergh, Van Hoorn, De Saint-Martin en Slicher, 8 maart 1686</title> <page>7</page></item>
    <item level="1"><n>XI</n> <title>Camphuys, Hurdt, Van Outhoorn, Pit, Van Hoorn, Van Quaelbergh, De Saint-Martin en De Beveren, 13 dec. 1686</title> <page>24</page></item>
    <item level="1"><n>XII</n> <title>Camphuys, Hurdt, Van Outhoorn, Pit, Van Hoorn, Schaghen, De Saint-Martin en De Beveren, 28 febr. 1687</title> <page>77</page></item>
    <item level="1"><n>XIII</n> <title>Camphuys, Hurdt, Van Outhoorn, Pit, Pits, Van Hoorn, Schaghen, De Saint-Martin, De Beveren en Padtbrugge, 23 dec. 1687</title> <page>99</page></item>
    <item level="1"><n>XIV</n> <title>Camphuys, Hurdt, Van Outhoorn, Pit, Pits, Van Hoorn, Schaghen, De Saint-Martin, De Beveren en Padtbrugge, 10 jan. 1688</title> <page>159</page></item>
    <item level="1"><n>XV</n> <title>Camphuys, Hurdt, Van Outhoorn, Pit, Pits, Van Hoorn, Schaghen, De Saint-Martin en Padtbrugge, 13 maart 1688</title> <page>162</page></item>
    <item level="1"><n>XVI</n> <title>Camphuys, Van Outhoorn, Pit, Pits, Van Hoorn, De Saint-Martin en De Beveren, 27 dec. 1688</title> <page>195</page></item>
    <item level="1"><n>XVII</n> <title>Camphuys, Van Outhoorn, Pit, Van Hoorn, De Saint-Martin en De Beveren, 27 febr. 1689</title> <page>260</page></item>
    <item level="1"><n>XVIII</n> <title>Camphuys, Van Outhoorn, Pit, Van Hoorn, De Saint-Martin en De Beveren, 31 maart 1689</title> <page>284</page></item>
    <item level="1"><n>XIX</n> <title>Camphuys, Van Outhoorn, Pit, Van Hoorn, De Saint-Martin, De Beveren en Valckenier, 30 nov. 1689</title> <page>295</page></item>
    <item level="1"><n>XX</n> <title>Camphuys, Van Outhoorn, Pit, Van Hoorn, De Saint-Martin, De Beveren en Valckenier, 30 dec. 1689</title> <page>296</page></item>
    <item level="1"><n>XXI</n> <title>Camphuys, Van Outhoorn, Pit, Van Hoorn, De Saint-Martin, De Beveren en Valckenier, 14 maart 1690</title> <page>351</page></item>
    <item level="1"><n>XXII</n> <title>Camphuys, Van Outhoorn, Van Hoorn, De Saint-Martin, Valckenier, Van Riebeeck en Bornezee, 10 dec. 1690</title> <page>376</page></item>
    <item level="1"><n>XXIII</n> <title>Camphuys, Van Outhoorn, Van Hoorn, Valckenier, Van Riebeeck en Bornezee, 26 maart 1691</title> <page>388</page></item>
    <item level="1"><n>XXIV</n> <title>Camphuys, Van Outhoorn, Van Hoorn, Valckenier, Van Riebeeck en Bornezee, 17 april 1691</title> <page>434</page></item>

<item level="0"><title>Mr. WILLEM VAN OUTHOORN, 24 september 1691-15 augustus 1704</title></item> 
	<item level="1"><n>I</n> <title>Van Outhoorn, Van Hoorn, De Saint-Martin, De Haas, Valckenier, Van Riebeeck, Bornezee en Lycochthon, 31 jan. 1692</title> <page>439</page></item>
    <item level="1"><n>II</n> <title>Van Outhoorn, Van Hoorn, Pijl, De Saint-Martin, De Haas, Valckenier, Van Riebeeck, Bornezee en Lycochthon, 24 maart 1692</title> <page>493</page></item>
    <item level="1"><n>III</n> <title>Van Outhoorn, Van Hoorn, Pijl, De Haas, Valckenier, Van Riebeeck, Bornezee en Lycochthon, 26 maart 1692</title> <page>507</page></item>
    <item level="1"><n>IV</n> <title>Van Outhoorn, Van Hoorn, Pijl, De Saint-Martin, De Haas, Van Leene, Valckenier, Van Riebeeck, Bornezee en Lycochthon, 11 dec. 1692</title> <page>508</page></item>
    <item level="1"><n>V</n> <title>Van Outhoorn, Van Hoorn, Pijl, De Saint-Martin, De Haas, Van Leene, Valckenier, Van Riebeeck, Bornezee en Lycochthon, 9 febr. 1693</title> <page>567</page></item>
    <item level="1"><n>VI</n> <title>Van Outhoorn, Van Hoorn, Pijl, De Saint-Martin, De Haas, Van Riebeeck, Van Leene, Valckenier, Bornezee, Lycochthon en Nieustadt, 14 maart 1693</title> <page>599</page></item>
    <item level="1"><n>VII</n> <title>Van Outhoorn, Van Hoorn, Pijl, De Saint-Martin, De Haas, Van Riebeeck, Valckenier, Van Leene, Bornezee, Lycochthon en Van Wijngaerden, 8 dec. 1693</title> <page>605</page></item>
    <item level="1"><n>VIII</n> <title>Van Outhoorn, Van Hoorn, Pijl, De Saint-Martin, De Haas, Van Riebeeck, Valckenier, Bornezee, Lycochthon, Nieustadt en Van Wijngaerden, 6 febr. 1694</title> <page>650</page></item>
    <item level="1"><n>IX</n> <title>Van Outhoorn, Van Hoorn, Pijl, De Saint-Martin, De Haas, Van Riebeeck, Valckenier, Cops, Bornezee, Lycochthon, Nieustadt en Van Wijngaerden, 30 nov. 1694</title> <page>668</page></item>
    <item level="1"><n>X</n> <title>Van Outhoorn, Van Hoorn, Pijl, De Saint-Martin, De Haas, Van Riebeeck, Valckenier, Cops, Bornezee, Lycochthon, Nieustadt en Van Wijngaerden, 4 febr. 1695</title> <page>712</page></item>
    <item level="1"><n>XI</n> <title>Van Outhoorn, Van Hoorn, Pijl, De Saint-Martin, De Haas, Van Riebeeck, Valckenier, Cops, Bornezee, Lycochthon, Nieustadt en Van Wijngaerden, 3 nov. 1695</title> <page>736</page></item>
    <item level="1"><n>XII</n> <title>Van Outhoorn, Van Hoorn, Pijl, De Saint-Martin, De Haas, Van Riebeeck, Valckenier, Cops, Bornezee, Lycochthon en Nieustadt, 8 febr. 1696</title> <page>746</page></item>
    <item level="1"><n>XIII</n> <title>Van Outhoorn, Van Hoorn, Pijl, De Haas, Van Riebeeck, Valckenier, Cops, Bornezee, Lycochthon en Van Wijngaerden, 19 jan. 1697</title> <page>779</page></item>
    <item level="1"><n>XIV</n> <title>Van Outhoorn, Van Hoorn, Pijl, De Haas, Van Riebeeck, Valckenier, Cops, Bornezee, Lycochthon en Van Wijngaerden, 19 febr. 1697</title> <page>822</page></item>
    <item level="1"><n>XV</n> <title>Van Outhoorn, Van Hoorn, Pijl, De Haas, Van Riebeeck, Valckenier, Cops, Bornezee, Lycochthon en Van Rhee, 30 nov. 1697</title> <page>834</page></item>

</toc>