<?xml version="1.0" encoding="UTF-8"?><meta-extract extracted-from="file:/vol1/Nederlab/work/data/huygens/retro/generalemissiven/meta.xml"><id>generalemissiven</id><title>Generale missiven van gouverneurs-generaal en raden aan heren XVII der Verenigde Oostindische Compagnie</title><url>http://test.retro.huygens.knaw.nl/generalemissiven</url><description>&lt;img src="gm.jpg" align="right"&gt;
&lt;h1&gt;Digitale versie statistieken van de Generale missiven van gouverneurs-generaal en raden aan heren XVII der Verenigde Oostindische Compagnie&lt;/h1&gt;
&lt;p&gt;
Dit is de digitale versie van zeven delen Generale missiven van gouverneurs-generaal en raden aan heren XVII der Verenigde Oostindische Compagnie, uitgegeven in de Rijks
 Geschiedkundige Publicati&amp;euml;n (GS 104, 112, 125, 134, 150, 159, 164, 193, 205, 232, 250, 257, 258).&lt;/p&gt;


&lt;h2&gt;Digitalisering&lt;/h2&gt;
&lt;p&gt;
De boeken zijn toegankelijk gemaakt door ze te scannen en met behulp van OCR (Optical Character Recognition) doorzoekbaar te maken.  
&lt;br&gt;&lt;/p&gt;


&lt;h2&gt;Handleiding&lt;/h2&gt;
 &lt;p&gt;
U kunt deze boeken raadplegen door middel van&lt;/p&gt; 
&lt;ul&gt;
&lt;li&gt; 1a) De bladerfunctie midden bovenaan dit scherm of 1b) de thumbnails via de tweede tab in het linkerscherm.&lt;/li&gt;
&lt;li&gt; 2) Een aanklikbare inhoudsopgave via de eerste tab in het linkerscherm.&lt;/li&gt; 
&lt;li&gt; 3) Zoeken op woord in de door de OCR herkende tekst via de derde tab in het linkerscherm. U dient daarbij rekening te houden dat de tekst niet 100% doorzoekbaar is. De aanklikbare en gemarkeerde treffers
 worden vervolgens in hetzelfde linkerscherm getoond. Wanneer u voor pdf of tekst (tab in het rechterscherm) kiest bij het tonen van de pagina, zal de gevonden treffer worden gemarkeerd. 
 Bij het tonen van de image is dit (nog) niet mogelijk.&lt;/li&gt;
&lt;li&gt; 4) Gebruikmaken van de gedigitaliseerde lijsten van Generale Missiven via de vierde tab in het linkerscherm.&lt;/li&gt;


&lt;/ul&gt;
&lt;p&gt;
De pagina's openen standaard als 'image', maar u kunt ook kiezen (dmv tabjes rechtsboven) voor tonen als 'pdf' of als 'OCR'. Bij het
 tonen als OCR ziet u de tekst zoals deze bij het scannen is herkend maar u ziet ook wat niet is herkend. 
&lt;/p&gt;

&lt;p&gt;
&lt;a onclick="dojo.widget.byId('homePane').setUrl('colofon')"&gt;Colofon&lt;/a&gt;&lt;/p&gt;
&lt;p&gt;

&lt;a href="http://www.inghist.nl/Onderzoek/Projecten/DeVoc.GeneraleMissiven1610-1795"&gt;Projectpagina Generale missiven van gouverneurs-generaal en raden aan heren XVII der Verenigde Oostindische Compagnie&lt;/a&gt;&lt;/p&gt;&lt;p&gt;
&lt;a href="http://www.inghist.nl/retro"&gt;Homepage Digitalisering&lt;/a&gt;&lt;/p&gt;&lt;p&gt; 
&lt;a href="http://www.inghist.nl"&gt;Homepage ING&lt;/a&gt;

&lt;/dtml-var&gt;&lt;/p&gt;&lt;/dtml-var&gt;</description><sources><source>
            <id>12</id>
            <title>Deel 12, 1750-1755, GS 257</title>
            <url>http://www.inghist.nl/retroapp/service_generalemissiven/gm_12/pagelist.xml</url>
        </source></sources><accessors><accessor><title>Inhoudsopgave</title><accessor_type>toc</accessor_type><title>Lijst van Generale Missiven</title><accessor_type>toc</accessor_type><toc>
                <source>12</source>
                <title>Deel 12, 1750-1755, GS 257</title>
                <url>http://www.inghist.nl/retroapp/service_generalemissiven/gm_12/toc_xml_source?filename=*.xml</url>
            </toc><toc>
                <source>12</source>
                <title>Deel 12, 1750-1755, GS 257</title>
                <url>http://www.inghist.nl/retroapp/service_generalemissiven/gm_12/toc_xml_source?filename=*lijst.xml</url>
            </toc></accessor></accessors></meta-extract>