<?xml version="1.0" encoding="utf-8"?>
<toc>
   <meta>Dit is de inhoudsopgave van Generale Missiven, Deel XII: 1750-1755, GS 257</meta>
	
 <item level="0">
	<title>Inleiding</title> <page>VII</page>
	</item>	

<item level="0">
	<title>Lijst van Generale Missiven 1750-1755</title> <page>IX</page>
	</item>	

<item level="0">
	<title>Titels (met afkorting) van geraadpleegde werken</title> <page>XI</page>
	</item>	

 <item level="0">
	<title>Generale Missiven Jacob Mossel 1750-1755</title> <page>1</page>
	</item>	
	
 <item level="0">
	<title>Toelichting bij de indices</title> <page>618</page>
	</item>	

<item level="0">
	<title>Index van persoonsnamen</title> <page>619</page>
	</item>	

<item level="0">
	<title>Index van geografische namen</title> <page>637</page>
	</item>	

 <item level="0">
	<title>Index van scheepsnamen</title> <page>652</page>
	</item>	
	
 <item level="0">
	<title>Index van overige termen</title> <page>656</page>
	</item>	
		
</toc>