<?xml version="1.0" encoding="utf8"?>
<toc>
   <meta>Dit is de inhoudsopgave van Generale Missiven Deel 12, GS 257 </meta>
<toc_title>Lijst van Generale Missiven 1750-1755 (bij deel XII, GS 257)</toc_title>

<item level="0">JACOB MOSSEL, 1 december 1750-31 december 1755<title></title></item> 
    
    <item level="1"><n>I</n> <title>Mossel, Cluysenaar, Overbeek, Van Broyel, Van der Waeyen, Van der Parra, Van der Spar, Huygens en Loten, 1 december 1750</title> <page>1</page></item>
    <item level="1"><n>II</n> <title>Mossel, Cluysenaar, Overbeek, Van Broyel, Van der Waeyen, Van der Parra, Van der Spar, Huygens en Loten, 31 december 1750</title> <page>3</page></item>
    <item level="1"><n>III</n> <title>Mossel, Cluysenaar, Overbeek, Van Broyel, Van der Waeyen, Van der Parra, Van der Spar, Huygens en Loten, 21 januari 1751, geheim</title> <page>83</page></item>
	<item level="1"><n>IV</n> <title>Mossel, Cluysenaar, Overbeek, Van Broyel, Van der Waeyen, Van der Parra, Van der Spar en Loten, 8 april 1751</title> <page>84</page></item>
    <item level="1"><n>V</n> <title>Mossel, Cluysenaar, Overbeek, Van Broyel, Van der Waeyen, Van der Parra, Van der Spar en Loten, 8 april 1751, geheim</title> <page>88</page></item>
    <item level="1"><n>VI</n> <title>Mossel, Cluysenaar, Van Broyel, Van der Waeyen, Van der Parra, Van der Spar, Loten en Steijn van Gollenesse,  24 september 1751</title> <page>89</page></item>
	<item level="1"><n>VII</n> <title>Mossel, Cluysenaar, Van Broyel, Van der Waeyen, Van der Parra, Van der Spar, Loten, Steijn van Gollenesse en Van de Velde, 31 december 1751</title> <page>96</page></item>
    <item level="1"><n>VIII</n> <title>Mossel, Cluysenaar, Van Broyel, Van der Waeyen, Van der Parra, Van der Spar, Loten, Steijn van Gollenesse en Van de Velde,  31 december 1751</title> <page>180</page></item>
    <item level="1"><n>IX</n> <title>Mossel, Cluysenaar, Van Broyel, Van der Waeyen, Van der Parra, Van der Spar, Loten, Steijn van Gollenesse en Van de Velde, 18 januari 1752</title> <page>181</page></item>
	<item level="1"><n>X</n> <title>Mossel, Cluysenaar, Van Broyel, Van der Waeyen, Van der Parra, Van der Spar, Loten, Steijn van Gollenesse en Van de Velde, 31 maart 1752</title> <page>183</page></item>
    <item level="1"><n>XI</n> <title>Mossel, Cluysenaar, Van der Waeyen, Van der Parra, Van der Spar, Loten, Steijn van Gollenesse, Van de Velde, Van Rheede, De Nijs en Van Bazel, 6 juni 1752</title> <page>186</page></item>
    <item level="1"><n>XII</n> <title>Mossel, Cluysenaar, Van Broyel, Van der Waeyen, Van der Parra, Van der Spar, Steijn van Gollenesse, Van de Velde, Van Rheede, De Nijs en Van Bazel, 5 oktober 1752</title> <page>189</page></item>
	<item level="1"><n>XIII</n> <title>Mossel, Cluysenaar, Van Broyel, Van der Waeyen, Van der Parra, Van der Spar, Steijn van Gollenesse, Van de Velde, Van Rheede, De Nijs en Van Bazel, 10 oktober 1752</title> <page>196</page></item>
    <item level="1"><n>XIV</n> <title>Mossel, Cluysenaar, Van Broyel, Van der Waeyen, Van der Parra, Van der Spar, Steijn van Gollenesse, Van de Velde, Van Rheede, De Nijs en Van Bazel, 30 december 1752</title> <page>198</page></item>
    <item level="1"><n>XV</n> <title>Mossel, Cluysenaar, Van Broyel, Van der Waeyen, Van der Parra, Van der Spar, Steijn van Gollenesse, Van de Velde, Van Rheede, De Nijs en Van Bazel, 31 december 1752</title> <page>276</page></item>
	<item level="1"><n>XVI</n> <title>Mossel, Van Broyel, Van der Waeyen, Van der Parra, Van der Spar, Steijn van Gollenesse, Van de Velde, Van Rheede, De Nijs en Van Bazel, 13 augustus 1753</title> <page>278</page></item>
    <item level="1"><n>XVII</n> <title>Mossel, Van Broyel, Van der Waeyen, Van der Spar, Steijn van Gollenesse, Van de Velde, Van Rheede, De Nijs en Van Bazel, 1 oktober 1753</title> <page>281</page></item>
    </toc>