<?xml version="1.0" encoding="utf-8"?>
<toc>
   <meta>Dit is de inhoudsopgave van Generale Missiven, Deel IX: 1729-1737, GS 205</meta>
	
 <item level="0">
	<title>Inleiding</title> <page>VII</page>
	</item>	

<item level="0">
	<title>Lijst van Generale Missiven 1727-1737</title> <page>IX</page>
	</item>	

<item level="0">
	<title>Titels (met afkorting) van aangehaalde werken</title> <page>XII</page>
	</item>	

 <item level="0">
	<title>Generale Missiven Diderik Durven 1729-1732</title> <page>1</page>
	</item>	
	
 <item level="0">
	<title>Generale Missiven Dirk van Cloon 1732-1735</title> <page>344</page>
	</item>	
	
 <item level="0">
	<title>Generale Missiven Abraham Patras 1735-1737</title> <page>628</page>
	</item>	
	
 <item level="0">
	<title>Toelichting bij de indices</title> <page>832</page>
	</item>	

<item level="0">
	<title>Index van persoonsnamen</title> <page>833</page>
	</item>	

<item level="0">
	<title>Index van geografische namen</title> <page>854</page>
	</item>	

 <item level="0">
	<title>Index van scheepsnamen</title> <page>870</page>
	</item>	
	
 <item level="0">
	<title>Index van overige termen</title> <page>877</page>
	</item>	
		
</toc>