<?xml version="1.0" encoding="UTF-8"?><toc><!--Dit is een gecombineerde TOC-file, hij is samensteld op basis van de volgende bestanden: toc-1.xml, toc-2.xml-->
   <meta>Dit is de inhoudsopgave van Generale Missiven, Deel IX: 1729-1737, GS 205</meta>
	
 <item level="0">
	<title>Inleiding</title> <page>VII</page>
	</item>	

<item level="0">
	<title>Lijst van Generale Missiven 1727-1737</title> <page>IX</page>
	</item>	

<item level="0">
	<title>Titels (met afkorting) van aangehaalde werken</title> <page>XII</page>
	</item>	

 <item level="0">
	<title>Generale Missiven Diderik Durven 1729-1732</title> <page>1</page>
	</item>	
	
 <item level="0">
	<title>Generale Missiven Dirk van Cloon 1732-1735</title> <page>344</page>
	</item>	
	
 <item level="0">
	<title>Generale Missiven Abraham Patras 1735-1737</title> <page>628</page>
	</item>	
	
 <item level="0">
	<title>Toelichting bij de indices</title> <page>832</page>
	</item>	

<item level="0">
	<title>Index van persoonsnamen</title> <page>833</page>
	</item>	

<item level="0">
	<title>Index van geografische namen</title> <page>854</page>
	</item>	

 <item level="0">
	<title>Index van scheepsnamen</title> <page>870</page>
	</item>	
	
 <item level="0">
	<title>Index van overige termen</title> <page>877</page>
	</item>	
		

   <meta>Dit is de inhoudsopgave van Generale Missiven Deel 9, GS 205</meta>
<toc_title>Lijst van Generale Missiven 1729-1737 (bij deel IX, GS 205)</toc_title>

<item level="0"><title>DIDERIK DURVEN, 18 juli 1729-25 maart 1732</title></item> 
    
    <item level="1"><n>I</n> <title>Durven, Hasselaar, Blom, Van der Schuer, Westpalm, Van Baerle, De Witte van Schooten, Van Heyningen, Van Bayen en Oostwalt, 18 juli 1729.</title> <page>1</page></item>
    <item level="1"><n>II</n> <title>Durven, Hasselaar, Blom, Van der Schuer, Westpalm, Van Baerle, De Witte van Schooten, Van Heyningen, Van Bayen en Oostwalt, 30 september 1729</title> <page>7</page></item>
    <item level="1"><n>III</n> <title>Durven, Hasselaar, Blom, Van der Schuer, Westpalm, Van Baerle, De Witte van Schooten, Van Heyningen, Van Bayen en Oostwalt, 30 september 1729, geheim</title> <page>12</page></item>
	<item level="1"><n>IV</n> <title>Durven, Hasselaar, Blom, Van der Schuer, Westpalm, Van Baerle, De Witte van Schooten, Van Heyningen, Van Bayen en Oostwalt, 7 november 1729</title> <page>14</page></item>
    <item level="1"><n>V</n> <title>Durven, Hasselaar, Blom, Van der Schuer, Westpalm, Van Baerle, De Witte van Schooten, Van Heyningen, Van Bayen en Oostwalt, 30 november 1729</title> <page>15</page></item>
    <item level="1"><n>VI</n> <title>Durven, Hasselaar, Blom, Van der Schuer, Westpalm, Van Baerle, De Witte van Schooten, Van Heyningen, Van Bayen en Oostwalt, (30 november), geheim</title> <page>70</page></item>
	<item level="1"><n>VII</n> <title>Durven, Hasselaar, Blom, Van der Schuer, Westpalm, Van Baerle, De Witte van Schooten, Van Heyningen, Van Bayen en Oostwalt, 31 januari 1730</title> <page>71</page></item>
    <item level="1"><n>VIII</n> <title>Durven, Hasselaar, Blom, Van der Schuer, Westpalm, Van Baerle, De Witte van Schooten, Van Heyningen, Van Bayen en Oostwalt, 27 februari 1730</title> <page>96</page></item>
    <item level="1"><n>IX</n> <title>Durven, Hasselaar, Blom, Van der Schuer, Westpalm, Van Baerle, De Witte van Schooten, Van Heyningen, Van Bayen en Oostwalt, 23 maart 1730</title> <page>97</page></item>
	<item level="1"><n>X</n> <title>Durven, Hasselaar, Blom, Van der Schuer, Westpalm, Van Baerle, De Witte van Schooten, Van Heyningen, Van Bayen, Oostwalt, Valckenier, Van Cloon en Hendrix, 17 oktober 1730</title> <page>112</page></item>
    <item level="1"><n>XI</n> <title>Durven, Hasselaar, Blom, Van der Schuer, Westpalm, Van Baerle, De Witte van Schooten, Van Heyningen, Van Bayen, Oostwalt, Valckenier, Van Cloon en Hendrix, 17 oktober 1730, geheim</title> <page>130</page></item>
    <item level="1"><n>XII</n> <title>Durven, Hasselaar, Blom, Van der Schuer, Westpalm, Van Baerle, De Witte van Schooten, Van Heyningen, Oostwalt, Valckenier, Van Cloon en Hendrix, 30 november 1730</title> <page>131</page></item>
	<item level="1"><n>XIII</n> <title>Durven, Hasselaar, Blom, Van der Schuer, Westpalm, Van Baerle, De Witte van Schooten, Van Heyningen, Van Bayen, Oostwalt, Valckenier, Van Cloon en Hendrix, 2 februari 1731</title> <page>207</page></item>
    <item level="1"><n>XIV</n> <title>Durven, Hasselaar, Blom, Van der Schuer, Westpalm, Van Baerle, De Witte van Schooten, Van Heyningen, Van Bayen, Valckenier, Van Cloon en Hendrix, 31 maart 1731</title> <page>227</page></item>
    <item level="1"><n>XV</n> <title>Durven, Hasselaar, Blom, Van der Schuer, Westpalm, Van Baerle, De Witte van Schooten, Van Bayen, Valckenier, Van Cloon, Pielat en Schaghen, 12 oktober 1731</title> <page>233</page></item>
	<item level="1"><n>XVI</n> <title>Durven, Hasselaar, Blom, Van der Schuer, Westpalm, Van Baerle, De Witte van Schooten, Van Bayen, Oostwalt, Valckenier, Van Cloon, Pielat en Schaghen, 28 december 1731</title> <page>256</page></item>
    <item level="1"><n>XVII</n> <title>Durven, Hasselaar, Blom, Van der Schuer, Westpalm, Van Baerle, De Witte van Schooten, Van Bayen, Oostwalt, Valckenier, Van Cloon, Pielat en Schaghen, 14 februari 1732</title> <page>294</page></item>
   </toc>