<?xml version="1.0" encoding="iso-8859-1"?>
<toc>
   <meta>Dit is de inhoudsopgave van Generale Missiven Deel VII 1713-1725, GS 164 </meta>
<toc_title>Lijst van Generale Missiven 1713-1725 (bij deel VII, GS 164)</toc_title>

<item level="0"><title>CHRISTOFFEL VAN SWOLL, 17 november 1713-12 november 1718</title></item> 
    <item level="1"><n>I</n> <title>Van Swoll, Douglas, Chastelein, De Haan, Castelijn, Tolling, Zwaardecroon, Rooselaar, De Haeze, Timmerman, Faes en d'Ableing, 20 nov. 1713</title> <page>3</page></item>
    <item level="1"><n>II</n> <title>Van Swoll, Douglas, Chastelein, De Haan, Castelijn, Tolling, Zwaardecroon, Rooselaar, De Haeze, Timmerman, Faes en d'Ableing, 11 jan. 1714</title> <page>45</page></item>
    <item level="1"><n>III</n> <title>Van Swoll, Douglas, Chastelein, De Haan, Castelijn, Tolling, Zwaardecroon, Rooselaar, De Haeze, Timmerman, Faes en d'Ableing, 26 febr. 1714</title> <page>65</page></item>
    <item level="1"><n>IV</n> <title>Van Swoll, Douglas, De Haan, Castelijn, Tolling, Zwaardecroon, Rooselaar, De Haeze, Timmerman, Faes en d'Ableing, 26 nov. 1714</title> <page>78</page></item>
    <item level="1"><n>V</n> <title>Van Swoll, Douglas, De Haan, Castelijn, Tolling, Zwaardecroon, Rooselaar, De Haeze, Timmerman, Faes en d'Ableing, 14 jan. 1715</title> <page>136</page></item>
    <item level="1"><n>VI</n> <title>Van Swoll, Douglas, De Haan, Castelijn, Tolling, Zwaardecroon, Rooselaar, De Haeze, Timmerman, Faes en d'Ableing, 18 febr. 1715</title> <page>153</page></item>
    <item level="1"><n>VII</n> <title>Van Swoll, Douglas, De Haan, Castelijn, Zwaardecroon, De Haeze, Tolling, Rooselaar, Timmerman, Faes, d'Ableing en De Groot, 13 sept. 1715</title> <page>162</page></item>
    <item level="1"><n>VIII</n> <title>Van Swoll, Castelijn, De Haan, Zwaardecroon, De Haeze, Tolling, Rooselaar, Timmerman, Faes, d'Ableing en De Groot, 28 nov. 1715</title> <page>166</page></item>
    <item level="1"><n>IX</n> <title>Van Swoll, Castelijn, De Haan, Zwaardecroon, De Haeze, Tolling, Rooselaar, Timmerman, Faes, d'Ableing en De Groot, 15 jan. 1716</title> <page>202</page></item>
    <item level="1"><n>X</n> <title>Van Swoll, Castelijn, De Haan, Zwaardecroon, De Haeze, Tolling, Timmerman, Faes, d'Ableing en De Groot, 19 febr. 1716</title> <page>216</page></item>
    <item level="1"><n>XI</n> <title>Van Swoll, Castelijn, De Haan, Zwaardecroon, De Haeze, Timmerman, Faes, Tolling, d'Ableing, De Groot en Six, 18 sept. 1716</title> <page>224</page></item>
    <item level="1"><n>XII</n> <title>Van Swoll, Castelijn, De Haan, Zwaardecroon, De Haeze, Timmerman, Faes, Tolling, d'Ableing, De Groot en Six, 30 nov. 1716</title> <page>226</page></item>
    <item level="1"><n>XIII</n> <title>Van Swoll, Castelijn, De Haan, Zwaardecroon, De Haeze, Timmerman, Faes, Tolling, d'Ableing, De Groot en Six, 15 jan. 1717</title> <page>265</page></item>
    <item level="1"><n>XIV</n> <title>Van Swoll, Castelijn, De Haan, Zwaardecroon, De Haeze, Timmerman, Faes, Tolling, d'Ableing, De Groot en Six, 23 maart 1717</title> <page>278</page></item>
    <item level="1"><n>XV</n> <title>Van Swoll, Castelijn, De Haan, Zwaardecroon, De Haeze, Timmerman, Faes, Tolling, d'Ableing, De Groot en Six, 30 nov. 1717</title> <page>290</page></item>
    <item level="1"><n>XVI</n> <title>Van Swoll, Castelijn, De Haan, Zwaardecroon, De Haeze, Timmerman, Faes, Tolling, d'Ableing, De Groot, Six en Hasselaar, 15 jan. 1718</title> <page>325</page></item>
    <item level="1"><n>XVII</n> <title>Van Swoll, Castelijn, De Haan, Zwaardecroon, De Haeze, Timmerman, Faes, Tolling, d'Ableing, De Groot, Six en Hasselaar, 20 maart 1718</title> <page>336</page></item>
    <item level="1"><n>XVIIa</n> <title>geheim, zelfde ondertekenaars en datum</title> <page>351</page></item>
	
<item level="0"><title>HENDRIK ZWAARDECROON, 13 november 1718-8 juli 1725</title></item> 
	<item level="1"><n>I</n> <title>Zwaardecroon, Castelijn, De Haan, Timmerman, Faes, Tolling, d'Ableing, De Groot, Backer, Hasselaar en Huysman, 6 dec. 1718</title> <page>353</page></item>
    <item level="1"><n>II</n> <title>Zwaardecroon, Castelijn, De Haan, Timmerman, Faes, Tolling, d'Ableing, De Groot, Backer, Hasselaar en Huysman, 15 jan. 1719</title> <page>381</page></item>
    <item level="1"><n>III</n> <title>Zwaardecroon, Castelijn, De Haan, Timmerman, Faes, Tolling, d'Ableing, De Groot, Backer, Hasselaar en Huysman, 28 maart 1719</title> <page>396</page></item>
    <item level="1"><n>IV</n> <title>Zwaardecroon, Castelijn, De Haan, Timmerman, Faes, Tolling, d'Ableing, Backer, Hasselaar en Huysman, 30 nov. 1719</title> <page>413</page></item>
    <item level="1"><n>V</n> <title>Zwaardecroon, Castelijn, De Haan, Timmerman, Faes, Tolling, d'Ableing, Hasselaar en Huysman, 15 jan. 1720</title> <page>456</page></item>
    <item level="1"><n>VI</n> <title>Zwaardecroon, Castelijn, De Haan, Timmerman, Faes, Tolling, d'Ableing en Huysman, 26 maart 1720</title> <page>467</page></item>
    <item level="1"><n>VII</n> <title>Zwaardecroon, Castelijn, De Haan, Timmerman, Faes, d'Ableing, Huysman, Tolling, Crudop en Durven, 29 oct. 1720</title> <page>479</page></item>
    <item level="1"><n>VIII</n> <title>Zwaardecroon, Castelijn, De Haan, Timmerman, Faes, d'Ableing, Huysman, Tolling, Hasselaar, Crudop en Durven, 30 nov. 1720</title> <page>485</page></item>
    <item level="1"><n>IX</n> <title>Zwaardecroon, Castelijn, De Haan, Timmerman, Faes, d'Ableing, Huysman, Tolling, Hasselaar, Crudop en Durven, 15 jan. 1721</title> <page>517</page></item>
    <item level="1"><n>X</n> <title>Zwaardecroon, Castelijn, De Haan, Timmerman, Faes, d'Ableing, Huysman, Tolling, Hasselaar, Crudop, Durven en Blom, 4 febr. 1721</title> <page>534</page></item>
    <item level="1"><n>XI</n> <title>Zwaardecroon, Castelijn, De Haan, Timmerman, Faes, d'Ableing, Huysman, Tolling, Hasselaar, Crudop, Durven en Blom, 31 maart 1721</title> <page>537</page></item>
    <item level="1"><n>XII</n> <title>Zwaardecroon, Castelijn, De Haan, Faes, Huysman, Hasselaar, Crudop, Tolling, Durven, Blom en Vuyst, 19 sept. 1721</title> <page>547</page></item>
    <item level="1"><n>XIII</n> <title>Zwaardecroon, Castelijn, De Haan, Faes, Huysman, Hasselaar, Crudop, Tolling, Durven, Blom en Vuyst, 30 nov. 1721</title> <page>552</page></item>
    <item level="1"><n>XIV</n> <title>Zwaardecroon, Castelijn, De Haan, Faes, Huysman, Hasselaar, Crudop, Tolling, Bergman, Durven, Blom en Vuyst, 20 jan. 1722</title> <page>583</page></item>
    <item level="1"><n>XV</n> <title>Zwaardecroon, De Haan, Faes, Huysman, Hasselaar, Crudop, Tolling, Bergman, Durven, Blom en Vuyst, 31 maart 1722</title> <page>596</page></item>
    <item level="1"><n>XVI</n> <title>Zwaardecroon, De Haan, Faes, Huysman, Hasselaar, Crudop, Tolling, Bergman, Durven en Blom, 25 sept. 1722</title> <page>607</page></item>
    <item level="1"><n>XVII</n> <title>Zwaardecroon, De Haan, Huysman, Hasselaar, Crudop, Tolling, Bergman, Durven en Blom, 30 nov. 1722</title> <page>610</page></item>
    <item level="1"><n>XVIII</n> <title>Zwaardecroon, De Haan, Huysman, Hasselaar, Crudop, Tolling, Bergman, Durven, Van Dishoeck en Blom, 19 jan. 1723</title> <page>640</page></item>
    <item level="1"><n>XIX</n> <title>Zwaardecroon, De Haan, Huysman, Hasselaar, Crudop, Tolling, Bergman, Durven, Van Dishoeck en Blom, 19 maart 1723</title> <page>651</page></item>
    <item level="1"><n>XX</n> <title>Zwaardecroon, De Haan, Huysman, Hasselaar, Crudop, Tolling, Bergman, Durven, Van Dishoeck en Blom, 21 sept. 1723</title> <page>657</page></item>
    <item level="1"><n>XXI</n> <title>Zwaardecroon, De Haan, Huysman, Hasselaar, Crudop, Tolling, Bergman, Durven, Van Dishoeck en Blom, 15 okt. 1723</title> <page>660</page></item>
    <item level="1"><n>XXII</n> <title>Zwaardecroon, De Haan, Huysman, Hasselaar, Crudop, Tolling, Durven, Van Dishoeck en Blom, 3 dec. 1723</title> <page>661</page></item>
    <item level="1"><n>XXIII</n> <title>Zwaardecroon, De Haan, Huysman, Hasselaar, Crudop, Tolling, Durven, Van Dishoeck en Blom, 19 jan. 1724</title> <page>684</page></item>
    <item level="1"><n>XXIV</n> <title>Zwaardecroon, De Haan, Huysman, Hasselaar, Crudop, Tolling, Durven, Van Dishoeck en Blom, 28 maart 1724</title> <page>693</page></item>
    <item level="1"><n>XXV</n> <title>Zwaardecroon, De Haan, Huysman, Hasselaar, Tolling, Durven, Van Dishoeck en Blom, 2 april 1724</title> <page>706</page></item>
    <item level="1"><n>XXVI</n> <title>Zwaardecroon, De Haan, Huysman, Hasselaar, Tolling, Durven, Van Dishoeck, Blom en Sipman, 26 sept. 1724</title> <page>707</page></item>
    <item level="1"><n>XXVII</n> <title>Zwaardecroon, De Haan, Huysman, Hasselaar, Tolling, Durven, Van Dishoeck, Blom en Sipman, 30 nov. 1724</title> <page>710</page></item>
    <item level="1"><n>XXVIII</n> <title>Zwaardecroon, De Haan, Huysman, Hasselaar, Tolling, Durven, Blom en Sipman, 4 dec. 1724</title> <page>744</page></item>
    <item level="1"><n>XXIX</n> <title>Zwaardecroon, De Haan, Huysman, Hasselaar, Tolling, Durven, Blom en Sipman, 14 dec. 1724</title> <page>745</page></item>
    <item level="1"><n>XXX</n> <title>Zwaardecroon, De Haan, Huysman, Hasselaar, Tolling, Durven, Blom, Vuyst en Sipman, 20 jan. 1725</title> <page>746</page></item>
    <item level="1"><n>XXXI</n> <title>Zwaardecroon, De Haan, Huysman, Hasselaar, Durven, Blom en Vuyst, 26 maart 1725</title> <page>754</page></item>

</toc>