<?xml version="1.0" encoding="iso-8859-1"?>
<toc>
   <meta>Dit is de inhoudsopgave van Generale Missiven Deel VII 1713-1725, GS 164 </meta>

<item level="0"><title>Inleiding</title> <page>VII</page></item>
<item level="0"><title>Lijst van Generale Missiven 1713-1725</title> <page>IX</page></item>
<item level="0"><title>Lijst van Afkortingen der Titels van Aangehaalde Werken</title> <page>XII</page></item>
<item level="0"><title>Generale Missiven 1713-1725</title> <page>1</page></item>
<item level="0"><title>Indices</title> <page>763</page></item>
<item level="0"><title>Toelichting bij de Indices</title> <page>764</page></item>
<item level="0"><title>Index van Persoonsnamen</title> <page>765</page></item>
<item level="0"><title>Index van Geografische Namen</title> <page>789</page></item>
<item level="0"><title>Index van Scheepsnamen</title> <page>810</page></item>
<item level="0"><title>Index van Andere Termen</title> <page>818</page></item>
</toc>