<?xml version="1.0" encoding="iso-8859-1"?>
<toc>
   <meta>Dit is de inhoudsopgave van Generale Missiven Deel II 1639-1655, GS 112 </meta>

<item level="0"><title>Inleiding</title> <page>VII</page></item>
<item level="0"><title>Lijst van Generale Missiven 1639-1655</title> <page>XI</page></item>
<item level="0"><title>Aanvullende Lijst van Afkortingen der Titels van Aangehaalde Werken</title> <page>XIII</page></item>
<item level="0"><title>Generale Missiven 1639-1655</title> <page>1</page></item>
<item level="0"><title>Indices</title> <page>827</page></item>
<item level="0"><title>Toelichting bij de Indices</title> <page>828</page></item>
<item level="0"><title>Index van Persoonsnamen</title> <page>829</page></item>
<item level="0"><title>Index van Geografische Namen</title> <page>838</page></item>
<item level="0"><title>Index van Scheepsnamen</title> <page>852</page></item>
<item level="0"><title>Index van Andere Termen</title> <page>857</page></item>
</toc>