<?xml version="1.0" encoding="UTF-8"?><toc><!--Dit is een gecombineerde TOC-file, hij is samensteld op basis van de volgende bestanden: toc-1.xml, toc-2.xml-->
   <meta>Dit is de inhoudsopgave van Generale Missiven Deel II 1639-1655, GS 112 </meta>

<item level="0"><title>Inleiding</title> <page>VII</page></item>
<item level="0"><title>Lijst van Generale Missiven 1639-1655</title> <page>XI</page></item>
<item level="0"><title>Aanvullende Lijst van Afkortingen der Titels van Aangehaalde Werken</title> <page>XIII</page></item>
<item level="0"><title>Generale Missiven 1639-1655</title> <page>1</page></item>
<item level="0"><title>Indices</title> <page>827</page></item>
<item level="0"><title>Toelichting bij de Indices</title> <page>828</page></item>
<item level="0"><title>Index van Persoonsnamen</title> <page>829</page></item>
<item level="0"><title>Index van Geografische Namen</title> <page>838</page></item>
<item level="0"><title>Index van Scheepsnamen</title> <page>852</page></item>
<item level="0"><title>Index van Andere Termen</title> <page>857</page></item>

   <meta>Dit is de inhoudsopgave van Generale Missiven Deel II 1639-1655, GS 112 </meta>
<toc_title>Lijst van Generale Missiven 1639-1655 (bij deel II, GS 112)</toc_title>

<item level="0"><title>ANTONIO VAN DIEMEN. 1 jan. 1636-19 april 1645</title></item> 
    <item level="1"><n>VII</n> <title>Van Diemen, Philips Lucasz., Reniers, Welsing en Van der Lijn, 12 jan. 1639</title> <page>1</page></item>
    <item level="1"><n>VIII</n> <title>Van Diemen, Caen en Van der Lijn, 18 dec. 1639</title> <page>7</page></item>
    <item level="1"><n>IX</n> <title>Van Diemen, Caen en Van der Lijn, 8 jan. 1640</title> <page>90</page></item>
    <item level="1"><n>X</n> <title>Van Diemen, Caen en Van der Lijn, 31 jan. 1640</title> <page>99</page></item>
    <item level="1"><n>XI</n> <title>Van Diemen en Van der Lijn, 9 sept. 1640</title> <page>101</page></item>
    <item level="1"><n>XII</n> <title>Van Diemen, Van der Lijn en Van Twist, 30 nov. 1640</title> <page>109</page></item>
    <item level="1"><n>XIII</n> <title>Van Diemen en Van der Lijn, 8 jan. 1641</title> <page>128</page></item>
    <item level="1"><n>XIV</n> <title>Van Diemen en Van der Lijn, 31 jan. 1641</title> <page>135</page></item>
    <item level="1"><n>XV</n> <title>Van Diemen, Van der Lijn, Maetsuycker, Caron en Schouten, 14 sept. 1641</title> <page>137</page></item>
    <item level="1"><n>XVI</n> <title>Van Diemen, Van der Lijn, Maetsuycker, Caron, Schouten en Sweers, 16 nov. 1641</title> <page>138</page></item>
    <item level="1"><n>XVII</n> <title>Van Diemen, Van der Lijn, Maetsuycker, Caron, Schouten en Sweers, 12 dec. 1641</title> <page>139</page></item>
    <item level="1"><n>XVIII</n> <title>Van Diemen, Caen, Van der Lijn, Maetsuycker, Schouten, Sweers en Witsen, 12 dec. 1642</title> <page>155</page></item>
    <item level="1"><n>XIX</n> <title>Van Diemen, Caen, Van der Lijn, Maetsuycker, Schouten, Sweers en Witsen, 23 dec. 1642</title> <page>186</page></item>
    <item level="1"><n>XX</n> <title>Van Diemen, Van der Lijn, Maetsuycker, Schouten en Sweers, 13 jan. 1643</title> <page>190</page></item>
    <item level="1"><n>XXI</n> <title>Van Diemen, Van der Lijn, Maetsuycker, Schouten en Sweers, 23 jan. 1643</title> <page>194</page></item>
    <item level="1"><n>XXII</n> <title>Van Diemen, Van der Lijn, Maetsuycker, Schouten en Sweers, 7 maart 1643</title> <page>195</page></item>
    <item level="1"><n>XXIII</n> <title>Van Diemen, Van der Lijn, Maetsuycker, Schouten en Sweers, 18 maart 1643</title> <page>199</page></item>
    <item level="1"><n>XXIV</n> <title>Van Diemen, Caen, Van der Lijn, Maetsuycker, Schouten en Sweers, 22 dec. 1643</title> <page>200</page></item>
    <item level="1"><n>XXV</n> <title>Van Diemen, Van der Lijn, Maetsuycker, Schouten en Sweers, 4 jan. 1644</title> <page>223</page></item>
    <item level="1"><n>XXVI</n> <title>Van Diemen, Van der Lijn, Maetsuycker, Schouten en Sweers, 9 jan. 1644</title> <page>230</page></item>
    <item level="1"><n>XXVII</n> <title>Van Diemen, Van der Lijn, Maetsuycker, Schouten en Sweers, 13 jan. 1644</title> <page>231</page></item>
    <item level="1"><n>XXVIII</n> <title>Van Diemen, Van der Lijn, Sweers, Croocq en Van Alphen, 23 dec. 1644</title> <page>232</page></item>
    <item level="1"><n>XXIX</n> <title>Van Diemen, Van der Lijn, Sweers en Van Alphen, 20 jan. 1645</title> <page>256</page></item>
    <item level="1"><n>XXX</n> <title>Van Diemen, Van der Lijn, Sweers en Van Alphen, 6 febr. 1645</title> <page>262</page></item>
	
<item level="0"><title>CORNELIS VAN DER LIJN. 19 april 1645-6 oct. 1650</title></item>
	<item level="1"><n>I</n> <title>Van der Lijn, Maetsuycker en Van Alphen, 9 juli 1645</title> <page>267</page></item>
    <item level="1"><n>II</n> <title>Van der Lijn, Maetsuyker, Reniers en Van Alphen, 17 dec. 1645</title> <page>273</page></item>
    <item level="1"><n>III</n> <title>Van der Lijn, Maetsuyker, Reniers en Van Alphen, 31 dec. 1645</title> <page>278</page></item>
    <item level="1"><n>IV</n> <title>Van der Lijn, Caron, Reniers en Caen, 21 dec. 1646</title> <page>283</page></item>
    <item level="1"><n>V</n> <title>Van der Lijn, Caron, Reniers, Caen en Van Dutecum, 15 jan. 1647</title> <page>296</page></item>
    <item level="1"><n>VI</n> <title>Van der Lijn, Caron, Reniers, Caen en Van Dutecum, 14 april 1647</title> <page>306</page></item>
    <item level="1"><n>VII</n> <title>Van der Lijn, Caron, Reniers, Caen, Van Dutecum, Demmer en Geleynsz., 31 dec. 1647</title> <page>311</page></item>
    <item level="1"><n>VIII</n> <title>Van der Lijn, Caron, Reniers, Van Dutecum en Demmer, 18 jan. 1649</title> <page>332</page></item>
    <item level="1"><n>IX</n> <title>Van der Lijn, Caron, Reniers, Van Dutecum en Demmer, 26 jan. 1649</title> <page>366</page></item>
    <item level="1"><n>X</n> <title>Van der Lijn, Caron, Reniers, Demmer en Barendsz., 31 dec. 1649</title> <page>370</page></item>
    <item level="1"><n>XI</n> <title>Van der Lijn, Caron, Reniers en Demmer, 18 jan. 1650</title> <page>400</page></item>

<item level="0"><title>CAREL RENIERS. 6 oct. 1650-18 mei 1653</title></item>
	<item level="1"><n>I</n> <title>Reniers, Maetsuycker, Demmer, Cunaeus, De Vlaming van Oudtshoorn, Heussen en Van der Beecken, 10 dec. 1650</title> <page>403</page></item>
    <item level="1"><n>II</n> <title>Reniers, Maetsuycker, Demmer, Cunaeus, Versteghen, De With en Steur, 20 jan. 1651</title> <page>445</page></item>
    <item level="1"><n>III</n> <title>Reniers, Maetsuycker, Demmer, Cunaeus, Versteghen, De With en Steur, 10 febr. 1651</title> <page>476</page></item>
    <item level="1"><n>IV</n> <title>Reniers, Maetsuycker, Demmer, Hartzinck, De Vlaming van Oudtshoorn, Van Teylingen en Caesar, 19 dec. 1651</title> <page>480</page></item>
    <item level="1"><n>V</n> <title>Reniers, Maetsuycker, Demmer, Hartzinck, De Vlaming van Oudtshoorn, Caesar en Versteghen, 24 jan. 1652</title> <page>555</page></item>
    <item level="1"><n>VI</n> <title>Reniers, Maetsuycker, Demmer, Hartzinck, De Vlaming van Oudtshoorn, Caesar en Versteghen, 5 febr. 1652</title> <page>583</page></item>
    <item level="1"><n>VII</n> <title>Reniers, Maetsuycker, Hartzinck, Cunaeus, Caesar en Steur, 24 dec. 1652</title> <page>585</page></item>
    <item level="1"><n>VIII</n> <title>Reniers, Maetsuycker, Hartzinck, Cunaeus, Caesar en Steur, 31 jan. 1653</title> <page>640</page></item>
    <item level="1"><n>IX</n> <title>Maetsuyker, Hartzinck, Cunaeus, Caesar en Steur, 31 jan. 1653</title> <page>668</page></item>

	<item level="0"><title>Mr. JOAN MAETSUYKER, 18 mei 1653-4 jan. 1678</title></item>
	<item level="1"><n>I</n> <title>Maetsuycker, Hartzinck, Verburch, Steur en Van den Bogaerde, 19 jan. 1654</title> <page>673</page></item>
    <item level="1"><n>II</n> <title>Maetsuycker, Hartzinck, Cunaeus, Verburch, Steur en Van den Bogaerde, 6 febr. 1654</title> <page>739</page></item>
    <item level="1"><n>III</n> <title>Maetsuycker, Hulft, Hartzinck, Cunaeus, De Vlaming van Oudtshoorn, Verburch en Steur, 7 nov. 1654</title> <page>746</page></item>
    <item level="1"><n>IV</n> <title>Maetsuycker, Hulft, Hartzinck, Cunaeus, Verburch, Steur en Van der Beecken, 26 jan. 1655</title> <page>770</page></item>
    <item level="1"><n>V</n> <title>Maetsuycker, Hulft, Hartzinck, Cunaeus, Verburch en Steur, 4 febr. 1655</title> <page>820</page></item>
    <item level="1"><n>VI</n> <title>Maetsuycker, Hulft, Hartzinck, Cunaeus, Verburch, Steur en Van der Beecken, 1 april 1655</title> <page>821</page></item>
	
</toc>