<?xml version="1.0" encoding="utf-8"?>
<toc>
   <meta>Dit is de inhoudsopgave van Generale Missiven, Deel VIII: 1725-1729, GS 193</meta>
	
 <item level="0">
	<title>Inleiding</title> <page>VII</page>
	</item>	

<item level="0">
	<title>Lijst van Generale Missiven 1725-1729</title> <page>X</page>
	</item>	

<item level="0">
	<title>Lijst van afkortingen der titels van aangehaalde werken</title> <page>XII</page>
	</item>	

 <item level="0">
	<title>Generale Missiven 1725-1727</title> <page>1</page>
	</item>	

 <item level="0">
	<title>Indices</title> <page>243</page>
	</item>		

 <item level="0">
	<title>Toelichting bij de indices</title> <page>244</page>
	</item>	

<item level="0">
	<title>Index van persoonsnamen</title> <page>245</page>
	</item>	

<item level="0">
	<title>Index van geografische namen</title> <page>255</page>
	</item>	

 <item level="0">
	<title>Index van scheepsnamen</title> <page>265</page>
	</item>	
	
 <item level="0">
	<title>Index van overige termen</title> <page>268</page>
	</item>	
		
</toc>