<?xml version="1.0" encoding="utf-8"?> 
<toc>
	<meta>Dit is de inhoudsopgave van Generale Missiven Deel 8, GS 193</meta>
	<toc_title>Lijst van Generale Missiven 1725-1729 (bij deel VIII, GS 193)</toc_title>

<item level="0"><title>MATTHEUS DE HAAN, 8 juli 1725-1 juni 1729</title></item> 
	<item level="1"><title>I. De Haan, Huysman, Hasselaar, Blom, Durven, Vuyst, Gabry, Dubbeldekop en Van der Schuer, 22 oktober 1725</title> <page>3</page></item>
    <item level="1"><title>II. De Haan, Huysman, Hasselaar, Blom, Durven, Vuyst, Gabry, Dubbeldekop en Van der Schuer, 30 november 1725</title> <page>9</page></item>
    <item level="1"><title>III. De Haan, Huysman, Hasselaar, Blom, Durven, Vuyst, Gabry, Dubbeldekop en Van der Schuer, 26 januari 1726</title> <page>33</page></item>
    <item level="1"><title>IV. De Haan, Huysman, Hasselaar, Blom, Durven, Vuyst, Gabry, Dubbeldekop en Van der Schuer, 27 maart 1726</title> <page>46</page></item>
	<item level="1"><title>V. De Haan, Huysman, Hasselaar, Blom, Durven, Gabry, Dubbeldekop en Van der Schuer, Westpalm en Van Baerle, 21 oktober 1726</title> <page>59</page></item>
    <item level="1"><title>VI. De Haan, Huysman, Hasselaar, Blom, Durven, Gabry, Dubbeldekop, Van der Schuer, Westpalm en Van Baerle, 5 december 1726</title> <page>68</page></item>
    <item level="1"><title>VII. De Haan, Huysman, Hasselaar, Blom, Durven, Gabry, Dubbeldekop, Van der Schuer, Westpalm en Van Baerle, 31 januari 1727</title> <page>100</page></item>
	<item level="1"><title>VIII. De Haan, Huysman, Hasselaar, Blom, Durven, Gabry, Dubbeldekop, Van der Schuer, Westpalm en Van Baerle, 31 maart 1727</title> <page>111</page></item>
    <item level="1"><title>IX. De Haan, Huysman, Hasselaar, Blom, Durven, Gabry, Dubbeldekop, Van der Schuer, Versluys, Westpalm, Van Baerle, De Witte van Schooten en Van Heyningen, 27 oktober 1727</title> <page>121</page></item>
    <item level="1"><title>IXa. De Haan, Huysman, Hasselaar, Blom, Durven, Gabry, Dubbeldekop, Van der Schuer, Versluys, Westpalm, Van Baerle, De Witte van Schooten en Van Heyningen, 27 oktober 1727, geheim</title> <page>127</page></item>
	<item level="1"><title>X. De Haan, Huysman, Hasselaar, Blom, Durven, Vuyst, Gabry, Dubbeldekop, Van der Schuer, Versluys, Westpalm, Van Baerle, De Witte van Schooten en Van Heyningen, 30 november 1727</title> <page>128</page></item>
    <item level="1"><title>XI. De Haan, Huysman, Hasselaar, Blom, Durven, Gabry, Dubbeldekop, Van der Schuer, Versluys, Westpalm, Van Baerle, De Witte van Schooten en Van Heyningen, 31 januari 1728</title> <page>154</page></item>
    <item level="1"><title>XII. De Haan, Huysman, Hasselaar, Blom, Durven, Gabry, Van der Schuer, Versluys, Westpalm, Van Baerle, De Witte van Schooten en Van Heyningen, 31 maart 1728</title> <page>171</page></item>
	<item level="1"><title>XIII. De Haan, Huysman, Hasselaar, Blom, Durven, Van der Schuer, Versluys, Westpalm, Van Baerle, De Witte van Schooten, Van Heyningen en Van Bayen, 31 oktober 1728</title> <page>179</page></item>
    <item level="1"><title>XIV. De Haan, Huysman, Hasselaar, Blom, Durven, Van der Schuer, Versluys, Westpalm, Van Baerle, De Witte van Schooten, Van Heyningen en Van Bayen, 8 december 1728</title> <page>188</page></item>
    <item level="1"><title>XIVa. De Haan, Huysman, Hasselaar, Blom, Durven, Van der Schuer, Versluys, Westpalm, Van Baerle, De Witte van Schooten en  Van Heyningen, 8 december 1728, geheim</title> <page>224</page></item>
	<item level="1"><title>XV. De Haan, Huysman, Hasselaar, Blom, Durven, Van der Schuer, Versluys, Westpalm, Van Baerle, De Witte van Schooten, Van Heyningen en Van Bayen, 31 januari 1729</title> <page>225</page></item>
    <item level="1"><title>XVI. De Haan, Huysman, Hasselaar, Blom, Durven, Van der Schuer, Versluys, Westpalm, Van Baerle, De Witte van Schooten, Van Heyningen en Van Bayen, 25 februrai 1729</title> <page>234</page></item>
    <item level="1"><title>XVIII. De Haan, Huysman, Hasselaar, Blom, Durven, Van der Schuer, Versluys, Westpalm, Van Baerle, De Witte van Schooten, Van Heyningen en Van Bayen, 29 maart 1729</title> <page>235</page></item>	

</toc>